株式会社ウィナス,Web・アプリ開発エンジニア,札幌市 西11丁目駅 徒歩3分,年収300万円～500万円,9時間前,株式会社ウィナス
クロノス株式会社,Web開発エンジニア～残業月20h以内／残業代別途支給／テレ...,北海道 札幌市,公開していません,6日前,マイナビAGENT
株式会社アットマークテクノ,Webアプリ開発エンジニア,札幌市 北12条駅 徒歩1分,"年収326万4,000円～517万8,000円",1日前,転職ナビ
ノーステック・システム株式会社,ソフトウェア業／WEBシステムエンジニア,札幌市 札幌駅 徒歩5分,月給24万円～35万円,18時間前,ノーステック・システム株式会社
株式会社アライト,WEBシステム開発エンジニア,札幌市 南郷13丁目駅 徒歩1分,月給17万円～30万円,2時間前,ハローワーク札幌東
株式会社ビックボイス 函館道南R&Dセンター,Webアプリケーションエンジニア,北海道 函館市,月給18万円～50万円,5日前,ハローワーク函館
株式会社トライビート,Webエンジニア,札幌市 大通駅 徒歩8分,月給33万円～42万円,4日前,エン転職
株式会社トラックス,Webバックエンドエンジニア,札幌市 大通駅 徒歩5分,月給20万円～40万円,9時間前,株式会社トラックス
株式会社さくらコミュニティサービス,WEBアプリ開発エンジニア／スマホアプリ開発エンジニア,札幌市 麻生駅,月給21万円～35万円,10時間前,株式会社さくらコミュニティサービス
株式会社クリーク・アンド・リバー社,外注案件と自社案件に関わるインフラエンジニア,帯広市 帯広駅,年収300万円～500万円,7日前,CREATIVE JOB
株式会社Point,なりたい自分になるために会社を使ったっていい SE／PG,札幌市 中央区,"月給24万円～37万5,000円",4日前,マイナビ転職
サンエス電気通信株式会社,電気系エンジニア,札幌市 栄町駅 徒歩14分,"月給15万3,000円～31万3,750円",2時間前,サンエス電気通信株式会社
株式会社アウトソーシングテクノロジー札幌支店,急募 アプリ開発,札幌市 札幌駅,月給23万円～45万円,9時間前,株式会社アウトソーシングテクノロジー
外資系生保,ITプロジェクトマネージャー、ソリューションデザイナー,北海道,年収500万円～900万円,4時間前,日経転職版
アクセンチュア株式会社,グローバルコンサルタント／エンジニア,北海道,"年収400万円～1,800万円",7日前,日経転職版
株式会社ネクストビート,法人営業「おもてなしHR」担当,札幌市 中央区,年収420万円～840万円,2日前,doda
ガーデンネットワーク株式会社,大手石油元売企業様からのプライム案件に参画できるアプリケーシ...,札幌市 大通駅 徒歩2分,"月給23万5,000円～30万5,000円",7日前,日経転職版
株式会社ノースディテール,バックエンドエンジニア,札幌市 大通駅 徒歩2分,"月給17万5,000円～60万円",9時間前,株式会社ノースディテール
株式会社アウトソーシングテクノロジー北日本・北関...,アプリ開発,札幌市 札幌駅,月給23万円～45万円,9時間前,株式会社アウトソーシングテクノロジー北日本・北関東ブロック
株式会社エフ・ティ・システム,プログラム開発staff,札幌市 西11丁目駅 徒歩10分,"月給25万6,000円～34万940円",2時間前,株式会社エフ・ティ・システム
株式会社Aillz,CTO・VPoE候補 リードエンジニア,札幌市 さっぽろ駅 徒歩5分,年収400万円～600万円,9時間前,株式会社Aillz
ウェルネット株式会社,QAエンジニア ～東証一部上場／電子決済ソリューション～,札幌市 新札幌駅,年収420万円～600万円,5日前,doda
クオリサイトテクノロジーズ株式会社,開発エンジニア,札幌市 札幌駅,年収361万円～540万円,6日前,doda
岩田地崎建設株式会社,UIターン歓迎!北海道を代表する企業の社内SE20～30代活...,札幌市 中央区,月給22万円～40万円,21時間前,マイナビ転職
東日本テクノ株式会社,技術職,札幌市 西11丁目駅 徒歩5分,月給20万円～30万円,1日前,ハローワーク札幌
株式会社CreateF,営業／企画営業 お客様との信頼構築とセミナーや勉強会の企画実...,北海道 札幌市,月給33万円～45万円,2時間前,株式会社CreateF
フィット産業株式会社,システムエンジニア,札幌市 大通駅 徒歩5分,月給27万円～45万円,2時間前,ハローワーク札幌
シーメンスヘルスケア株式会社,フィールドエンジニア,北海道,月給25万円～,20時間前,マイナビ転職エージェントサーチ
日本テクニカルシステム株式会社,車載系開発,札幌市 大通駅 徒歩5分,月給27万円～45万円,1日前,ハローワーク札幌
株式会社STエンジニアリング,プラスチック製品・部品のルート営業,札幌市 白石区,"月給16万8,000円～24万1,000円",1日前,ジョブキタ
株式会社コルサント,ITエンジニア、プログラマー／札幌勤務、リモート面談可,札幌市 大通駅 徒歩6分,月給19万円～32万円,1日前,かんたん応募
株式会社CSソリューション,C言語技術者,札幌市 大通駅 徒歩3分,月給22万円～35万円,2時間前,ハローワーク札幌
有限会社トータルエンジニアリングヒライ,ルート営業スタッフ,北海道 函館市,月給22万円～,23時間前,シゴトガイド
Honda Cars南北海道株式会社,自動車整備士,北海道 北斗市,月給16万円～30万円,23時間前,シゴトガイド
株式会社メガ・テクノロジー,未経験でも月給26万円～可,札幌市 中央区,月給26万円～,21時間前,マイナビ転職
株式会社スタッフサービスエンジニアリング事業本部,素材系の研究員 理系・未経験OK 土日祝休み,北海道,"月給21万5,000円～",20時間前,PROSEEK
モダ石油 メカ・ドック新道東店,自動車整備士,札幌市 東区,月給23万円～31万円,1日前,ジョブキタ
株式会社テクノラボ,SE,札幌市 厚別区,月給19万円～22万円,2時間前,株式会社テクノラボ
コンピューターサイエンス株式会社,インフラエンジニア,札幌市 中央区,年収350万円～450万円,20時間前,マイナビ転職エージェントサーチ
日本NCRサービス株式会社,レジやATMのカスタマーエンジニア 賞与実績6.8カ月,札幌市 中央区,月給22万円～29万円,22時間前,マイナビ転職
株式会社バイク王&カンパニー,経験者歓迎!大手で安定バイク王でのバイク整備,札幌市 環状通東駅 徒歩19分,"月給21万9,000円～33万400円",2時間前,株式会社バイク王&カンパニー
株式会社カワサキマシンシステムズ,サービスエンジニア,札幌市 白石区,年収350万円～550万円,6時間前,ワークポート
インフォテクノ株式会社,システムエンジニア・プログラマー,札幌市 西18丁目駅 徒歩3分,月給21万円～30万円,2時間前,ハローワーク札幌
レバレジーズ株式会社,法人営業 兼 キャリアアドバイザー,北海道,年収480万円～520万円,13時間前,Spring転職エージェント
株式会社夢真 技術人材部,品質管理・検査,北海道,年収400万円～,7時間前,株式会社夢真 技術人材部
同社は、各種サービスを組み合わせ製品開発をサポー...,経験者募集／施工管理・施工図作成／Jw cad／図面作成,札幌市 東区,月給22万円～44万円,8時間前,SAN-SUKE
グルーコードシステムズ株式会社,プロジェクトマネージャー／年休130／残業月9.5h／Web...,札幌市 大通駅 徒歩4分,月給20万円～,8時間前,グルーコードシステムズ株式会社
ドクターキューブ株式会社,社会貢献度の高い商品を提供できる、やりがい抜群の仕事です。完...,札幌市 新札幌駅 徒歩3分,年収294万円～950万円,9時間前,ドクターキューブ株式会社
株式会社ホクハイサービス,エンジニア、研究開発・新製品開発・設計のプロジェクトメンバー,札幌市 札幌駅,"月給21万5,000円～",19時間前,株式会社ホクハイサービス 本社
株式会社MAYA STAFFING,コンサルティング,札幌市 北区,月給25万円～40万円,19時間前,株式会社MAYA STAFFING
株式会社北海道LIXIL製作所,ITエンジニア,北海道 岩見沢市,"月給15万4,450円",22時間前,シゴトガイド
E&Cエンジニアリング株式会社,研究開発,北海道 栗山町,年収430万円～600万円,21時間前,パソナキャリア
株式会社北海道近代設計,発注者支援業務技術者,札幌市 中央区,年収433万円～639万円,23時間前,パソナキャリア
NRIデータiテック株式会社,ITエンジニア,札幌市 札幌駅 徒歩10分,公開していません,20時間前,マイナビ転職エージェントサーチ
