株式会社クロスオーバー,WEBディレクター,大阪市 西中島南方駅 徒歩5分,年収324万円～480万円,2時間前,U29JOB
株式会社アウラ,お客様に長く伴走する Webデザイナー・Webディレクター,大阪市 天神橋筋六丁目駅 徒歩2分,月給25万円～35万円,2日前,リクナビNEXT
株式会社ダトラ,WEBデザイナー,大阪市 堺筋本町駅,"月給22万8,965円～40万3,163円",1日前,株式会社ダトラ
株式会社I-SEED,広告WEBディレクター／WEBデザイナー,大阪市 心斎橋駅 徒歩4分,月給25万円～45万円,2日前,リクナビNEXT
株式会社ユニオンネット,Webディレクター／Webマーケ 月給26万円～／転勤なし,大阪市 天満橋駅 徒歩6分,月給26万円～40万円,2日前,リクナビNEXT
日本ビジネスアート株式会社,WEBデザイナー,大阪市 堺筋本町駅 徒歩2分,月給35万円～60万円,3時間前,U29JOB
株式会社IONA,芸能人御用達!ECサイトのWEBマーケ・WEBディレクション,大阪市 心斎橋駅,月給26万円～,2日前,リクナビNEXT
株式会社ビジネスブレーン,WEBディレクター 集客&予約UPでホテル・旅館に貢献,大阪市 西中島南方駅 徒歩5分,月給24万円～40万円,2日前,マイナビ転職
株式会社エムハンド,WEBディレクター リモートワーク週2可能+フレックス,大阪市 本町駅 徒歩4分,月給26万円～,1日前,リクナビNEXT
株式会社グリーンフィールド,Webマーケティング 年間休日120日 完全週休2日 月給3...,大阪市 大阪駅 徒歩3分,月給32万円～,13時間前,エン転職
株式会社フォーデジット,WEBディレクター,大阪市 中央区,年収350万円～500万円,23時間前,ワークポート
株式会社リッシ,Webディレクター,大阪市 天満橋駅 徒歩5分,年収400万円～700万円,2日前,CREATIVE JOB
株式会社カイロス,Webディレクター Webデザイナー,大阪市 本町駅 徒歩6分,月給25万円～,2日前,株式会社カイロス
株式会社クラビズ,WEBディレクター,倉敷市 倉敷駅 徒歩5分,年収350万円～600万円,2時間前,U29JOB
加茂繊維株式会社,WEBクリエーター,岡山県 岡山市,年収300万円～600万円,2日前,マイナビ転職エージェントサーチ
株式会社KIDA,広報／宣伝／販売促進／マーケティング WEB戦略ポジション!...,大阪市 北区,年収400万円～700万円,2日前,株式会社KIDA
幸南食糧株式会社,WEBデザイナ,大阪府 松原市,年収360万円～500万円,19時間前,ワークポート
株式会社ゴクーグラフィックス,グラフィックデザイナー・WEBデザイナー,大阪市 肥後橋駅 徒歩4分,月給18万円～25万円,2日前,株式会社ゴクーグラフィックス
株式会社Dcrews,webマーケティング,大阪市 中央区,年収260万円～450万円,1日前,ワークポート
株式会社大智設備,WEBデザイナー／WEBマーケティング,神戸市 長田駅 徒歩6分,月給18万円～40万円,2日前,株式会社大智設備
株式会社DRIVE LINE,WEBデザイナー 未経験の育成プランを準備／年間休⽇125⽇...,大阪市 西区,"月給20万3,000円～",1時間前,株式会社DRIVE LINE
株式会社大伸社ディライト,WEBディレクター,大阪市 中央区,年収420万円～700万円,11時間前,ワークポート
株式会社ブランジスタ,WEBディレクター,大阪市 西区,年収350万円～480万円,2日前,ワークポート
株式会社ビリーブ,高い自由度!インハウス WEBデザイナー 完全週休2日,神戸市 貿易センター駅 徒歩1分,月給30万円～,2日前,マイナビ転職
アンカー株式会社,未経験からWebディレクターへチャレンジ!フレックスタイム制,大阪市 北区,月給25万円～40万円,2日前,アンカー株式会社
トゥモローゲート株式会社,WEBデザイナー,大阪市 心斎橋駅 徒歩2分,"年収300万円～1,000万円",1日前,U29JOB
株式会社トラフィックス,大手クライアントの案件多数! Webデザイナー 土日祝休み,大阪市 肥後橋駅 徒歩5分,月給20万円～,2日前,リクナビNEXT
株式会社セルフィット,企画・webデザイナー 時短・週4勤務相談可,大阪市 大阪駅,月給28万円～,2日前,株式会社セルフィット
株式会社G-7ホールディングス,WEBデザイナー,神戸市 須磨区,年収360万円～480万円,1日前,ワークポート
株式会社Coco Eleele,大手ECサイトの運営 SEOプランナー・Webデザイナー,大阪市 長堀橋駅 徒歩4分,月給22万円～40万円,2日前,リクナビNEXT
医療法人悠生会グループ,WEBディレクター,大阪市 中央区,年収324万円～500万円,6時間前,ワークポート
株式会社ディスカバリー,WEB広告代理店でのWEBディレクター,大阪市 中央区,年収450万円～650万円,22時間前,マイナビ転職エージェントサーチ
イノセンス株式会社,SNSでのWEBマーケティング・企画 年収1000万円可能,大阪市 心斎橋駅 徒歩5分,月給25万円～,2日前,リクナビNEXT
シナジーデザイン株式会社,WEBマーケティング・WEB編集 IT業界「未」経験者歓迎,大阪市 西長堀駅,月給23万769円～,2日前,リクナビNEXT
城東印刷株式会社,Webデザイナー,大阪市 森ノ宮駅 徒歩3分,月給20万円～35万円,2日前,城東印刷株式会社
佐川印刷株式会社,Webディレクター,京都府 向日市,年収350万円～500万円,14時間前,ワークポート
株式会社ゼンダ,家電メーカーのWebディレクター、アシスタント,大阪市 天満橋駅 徒歩1分,月給25万円～,8時間前,株式会社ゼンダ
株式会社ヴィス,WEBデザイナー,大阪市 北区,年収400万円～550万円,1日前,ワークポート
株式会社WSP,WEBデザイナー,大阪市 心斎橋駅 徒歩5分,年収300万円～500万円,1日前,U29JOB
网易文化株式会社,英語圏へ日本・中国の商品を発信／WEBマーケティング・販促,大阪市 長堀橋駅 徒歩1分,月給40万円～50万円,2日前,リクナビNEXT
コンサルロケッツ株式会社,WEBディレクター,神戸市 貿易センター駅 徒歩2分,月給25万円～35万円,2日前,コンサルロケッツ株式会社
株式会社ユーニック,自社サイト作成チームを立ち上げ!／Webデザイナー・運営業務,門真市 大和田駅,月給30万円～,2日前,リクナビNEXT
株式会社カプコン,Webディレクター,大阪市 北浜駅 徒歩7分,年収350万円～750万円,2日前,CREATIVE JOB
株式会社move,WEBマーケティング,大阪狭山市 金剛駅 徒歩2分,月給21万円～,18時間前,イーキャリア
株式会社トータルデザインセンター,WEBデザイナー Webデザイナー,岡山市 大元駅 徒歩14分,月給22万円～30万円,2日前,株式会社トータルデザインセンター
小林製薬株式会社,通販マーケティング職 WEB広告担当,大阪府,年収450万円～700万円,2日前,Spring転職エージェント
ななし株式会社,Webデザイナー,大阪市 北区,年収288万円～480万円,15時間前,ワークポート
株式会社DNPデジタルソリューションズ,WEBディレクター 残業20h／離職率約4% DNP G,大阪市 西区,年収400万円～700万円,7時間前,リクルートエージェント
フォーシーズンズ株式会社,WEBディレクター,神戸市 三宮駅 徒歩7分,月給25万円～,2日前,フォーシーズンズ株式会社
アスピレーション株式会社,Webデザイナー、HTMLコーダー,大阪市 心斎橋駅 徒歩5分,月給20万円～30万円,1日前,楽天仕事紹介
株式会社Roseau Pensant,大阪拠点新設Webデザイナー,大阪府 大阪市,年収360万円～650万円,3日前,マイナビAGENT
Nota株式会社,Webディレクター～自社FAQサービス「Helpfeel」の...,京都市 上京区,年収400万円～700万円,11時間前,doda
プロシスタ株式会社,Webディレクター,大阪市 新大阪駅 徒歩8分,"月給19万775円～43万5,900円",8時間前,プロシスタ株式会社
ジェイ・ライン株式会社,WEBディレクター,大阪市 心斎橋駅 徒歩7分,年収300万円～550万円,6時間前,U29JOB
有限会社アイロン,ECサイトのWEBディレクター・事業企画,芦屋市 芦屋川駅 徒歩5分,月給24万円～29万円,2日前,有限会社アイロン
株式会社下鴨茶寮,アイデアで心を動かす! webデザイナー・ECサイト運営,京都市 十条駅 徒歩14分,月給20万円～22万円,2日前,リクナビNEXT
株式会社REGATE,WEBディレクター,大阪市 緑橋駅 徒歩4分,年収400万円～800万円,3日前,U29JOB
ケイビーカンパニー株式会社,Webマーケティングの営業,大阪市 大国町駅,月給25万円～,2日前,ケイビーカンパニー株式会社
株式会社京繊,WEBデザイナー HTMLコーダー、WEBデザイナー,京都市 烏丸駅 徒歩2分,月給25万円～50万円,2日前,株式会社京繊
株式会社ドゥモア,Webデザイナー 経験者優遇,大阪市 なんば駅 徒歩7分,月給25万円～,2日前,株式会社ドゥモア
株式会社アクア,WEBディレクター職,大阪市 肥後橋駅 徒歩3分,年収400万円～700万円,2時間前,CREATIVE JOB
キーフェル株式会社,営業／営業戦略立案／業務効率化推進／WEBマーケ,大阪市 西中島南方駅 徒歩3分,月給23万円～30万円,2日前,リクナビNEXT
株式会社ルナスタイル,ファッション雑貨通販メーカーのWEBデザイナー,東大阪市 長田駅 徒歩10分,月給27万円～45万円,2日前,株式会社ルナスタイル
MARQS株式会社,WEBコーダー WEBディレクター／経験者募集,大阪市 心斎橋駅 徒歩3分,月給28万円～40万円,2日前,MARQS株式会社
株式会社1up,アイデアを形に!Web・グラフィックデザイナー,大阪市 JR難波駅,月給20万円～,2日前,株式会社1up
株式会社アイ・エム・アール,移転の為、大募集!Webデザイナー,大阪市 堺筋本町駅 徒歩2分,月給17万円,2日前,株式会社アイ・エム・アール
有限会社御南塗装工業,WEBマーケティングスタッフ,岡山市 南区,年収350万円～650万円,20時間前,有限会社御南塗装工業
株式会社ユニクエスト,WEBデザイナー,大阪市 本町駅 徒歩5分,年収350万円～450万円,1日前,U29JOB
株式会社IZA,WEBディレクター,大阪市 緑橋駅 徒歩4分,年収400万円～800万円,2日前,U29JOB
株式会社PULL-NET,WEBディレクター,大阪市 中央区,年収314万円～600万円,1日前,ワークポート
株式会社フィリオ,WEBデザイナー募集／北摂の閑静な住宅にある事務所でのweb...,豊中市 千里中央駅 徒歩15分,月給22万円～35万円,2日前,かんたん応募
ペタビット株式会社,WEBディレクター,神戸市 中央区,年収366万円～490万円,2日前,ワークポート
株式会社太洋堂,制作会社のセールス兼Webディレクター,京都市 西院駅,"月給24万7,200円～",1日前,リクナビNEXT
大和財託株式会社,Webマーケティング,大阪市 梅田駅,"月給43万7,600円～58万円",7時間前,宅建Job
株式会社エルバイエル,急募 17時定時 人に教えるスキルが身につくWebデザイナー,大阪市 堺筋本町駅 徒歩5分,"月給19万5,000円～20万5,000円",2日前,リクナビNEXT
プラスサム・アイ株式会社 PSi株式会社,Webデザイナー・プログラマー,尼崎市 大物駅,月給20万円～80万円,8時間前,プラスサム・アイ株式会社
合同会社PicnicWork,WordPressをメインとしたWebデザイナーを募集してい...,枚方市 枚方市駅 徒歩2分,"月給20万9,000円",8時間前,Find Job!
金氏高麗人参株式会社,WEBデザイナー ～転勤なし／基本土日祝休み,京都市 下京区,年収277万円～362万円,11時間前,doda
東通インテグレート株式会社,立ち上げメンバー募集! Webデザイナー 転勤なし／月給25...,大阪市 福島駅 徒歩2分,月給25万円～30万円,2日前,マイナビ転職
株式会社4NR,WEBデザイナー／動画制作やSNSでの広報宣伝,京都市 丸太町駅 徒歩5分,月給23万円～,2日前,株式会社4NR
株式会社Adcate,WEBデザイナー,大阪市 西区,年収280万円～500万円,1日前,ワークポート
ジーエムラボ株式会社,PG／SE／WEBデザイナー 賞与年3回・土日祝休み,大阪市 南森町駅 徒歩5分,月給25万円～60万円,20時間前,マイナビ転職
バルテス株式会社,広報・Webマーケティング,大阪市 西区,年収450万円～650万円,2日前,en ミドルの転職
株式会社エイチームフィナジー,Webデザイナー／自社サービスのデザイン業務／東証一部上場グ...,大阪市 大阪駅,年収330万円～550万円,12時間前,doda
株式会社プロアクティブ,Webデザイナー,神戸市 中央区,年収320万円～450万円,16時間前,doda
ダイレクト出版株式会社,既卒歓迎 WEBマーケティング企画職,大阪市 本町駅 徒歩5分,年収300万円～700万円,11時間前,Re就活
株式会社LVS corporation,グラフィックデザイナーやWEBデザイナー,大阪市 天王寺区,"時給1,200円～1,600円",2日前,株式会社LVS corporation
株式会社フジ・ホーム,自社広告戦略を担う WEB担当・デザイナー 月給25万円以上,京都市 椥辻駅 徒歩7分,月給25万円～30万円,3日前,リクナビNEXT
株式会社クリエ,WEBコーダー・WEBデザイナー,大阪市 北区,年収264万円～468万円,1日前,ワークポート
株式会社アイディーエイ,WEBデザイナー,岡山市 北区,年収300万円～400万円,13時間前,ワークポート
ソックコウベ株式会社,自社アパレルブランドECサイト運営・WEBデザイナー／在宅可,神戸市 アイランドセンター駅 徒歩1分,月給21万円～,2日前,リクナビNEXT
株式会社キーエンス,Webクリエイティブディレクター,大阪市 東淀川区,"年収400万円～1,000万円",1日前,ワークポート
トンガルマン株式会社,アプリ・WEB制作ディレクター,大阪市 大阪駅 徒歩6分,年収400万円～600万円,3日前,U29JOB
株式会社トーアスポーツマシーン,Webマーケティング及び運営・企画,大阪市 大正駅,月給19万円～26万円,18時間前,ハローワーク大阪西
有限会社エージーコーポレーション,デザイン／デザイナー・イラストレーター、Webデザイン／We...,大阪市 京橋駅 徒歩4分,"時給1,100円～",15時間前,バイトル
マンパワーグループ株式会社 京都お仕事紹介専用セ...,WEBデザイナー インテリア販社 WEBデザイナー 賞与年2...,京都市 中京区,年収259万円～420万円,1日前,マンパワーグループ株式会社京都お仕事紹介専用センター
株式会社アイテムワン,WEBデザイナー／サイト管理／HTML+CSS,倉敷市 吉備真備駅 車5分,月給27万円～35万円,1日前,ハローワーク総社
株式会社グロースデザイン,Webデザイナー,京都市 烏丸御池駅 徒歩4分,月給22万円～35万円,8時間前,Find Job!
株式会社協和産業,HP運営・管理・WEBデザイナー,大阪市 浪速区,年収312万円～480万円,16時間前,ワークポート
株式会社ユーシステム,WEBデザイナー,神戸市 三宮駅 徒歩5分,月給20万円～23万円,17時間前,ハローワーク灘
オノ・プランニング・オフィス株式会社,グラフィック・Webデザイナー,高槻市 高槻駅 徒歩5分,"月給17万6,000円～",2日前,オノ・プランニング・オフィス株式会社
電話代行サービス株式会社,WEB担当者／WEBデザイナー 完全週休2日制,大阪市 西中島南方駅 徒歩1分,月給35万円～,2日前,電話代行サービス株式会社
株式会社FLAVO,ECサイト運営管理スタッフ・WEBデザイナー,大阪市 心斎橋駅 徒歩5分,月給20万円～,2日前,株式会社FLAVO
angelshop,WEBデザイナー,大阪市 大国町駅,月給20万円～,2日前,angelshop
株式会社荒木印刷,正社員:DTPデザイナー・Webデザイナー,兵庫県 市川町,月給19万円～50万円,2日前,ハローワーク姫路
T&D株式会社,スポーツ用品ECサイトの運営・WEBデザイナー,大阪市 なんば駅,月給23万円～,2日前,T&D株式会社
株式会社ドライラート,WEBデザイナー 大手企業の直請け案件にたずさわる3DCGデ...,大阪市 淀川区,年収300万円～600万円,2日前,株式会社ドライラート
兆峰国際株式会社,総合卸小売会社のECサイト運営／WEBデザイナー,神戸市 春日野道駅 徒歩3分,月給20万円～35万円,2日前,兆峰国際株式会社
株式会社リカープロジェクト,事業拡大!ECサイト運営・Webマーケティング,大阪市 淀屋橋駅 徒歩3分,月給25万円～50万円,2日前,株式会社リカープロジェクト
株式会社サークルネット関西,ネットショップの運営に係わるお仕事／WEBマーケティング,大阪市 中央区,月給20万円～,2日前,株式会社サークルネット関西
株式会社エーライズ,Webコーダー及びWebデザイナー,姫路市 飾磨駅 徒歩14分,"月給15万5,000円～25万円",2日前,株式会社エーライズ
株式会社コージィコーポレーション,Webディレクター、Webデザイン／Webデザイナー／アパレ...,大阪市 長堀橋駅 徒歩4分,月給25万円～30万円,2日前,バイトルNEXT
株式会社アレグロマジック,Webシステムディレクター,大阪市 中央区,年収480万円～600万円,1日前,ワークポート
株式会社富士グループ,WEBデザイナー WEBデザイナー・プランナー,大阪市 阿倍野区,月給25万円,2日前,株式会社富士グループ
RUN JOURNEY ヤノスポーツ,スポーツショップECサイトのWEBデザイナー,神戸市 元町駅 徒歩2分,"時給1,000円～",2日前,RUN JOURNEY ヤノスポーツ
未知株式会社,WEBデザイナー WEBデザイナー欲しいです!西日本ベンチャ...,大阪市 中津駅 徒歩2分,月給23万円～26万円,2日前,未知株式会社
株式会社ヘリオス,WEBディレクター,大阪市 中央区,月給22万円～,19時間前,イーキャリア
スリーアップ株式会社,WEBデザイナー,大阪市 なんば駅 徒歩8分,年収400万円～600万円,1日前,U29JOB
ナッシュ株式会社,WEBデザイナー,大阪市 本町駅 徒歩5分,年収300万円～500万円,1日前,U29JOB
株式会社グローバルトレーディング,デザイン／デザイナー・イラストレーター、Webデザイン／We...,大阪市 渡辺橋駅 徒歩2分,月給21万円～,2日前,バイトルNEXT
株式会社イデアルディレクションズ,Webディレクター／社員全員女性／土日祝休み,大阪市 心斎橋駅 徒歩5分,月給25万円～28万円,2日前,doda
株式会社ネオテックス,オシャレなオフィスでWebデザイナー,大阪市 北巽駅 徒歩13分,月給20万円,2日前,株式会社ネオテックス
有限会社ミト・ワークス,WEBデザイナー Webディレクター,岡山市 中区,"月給18万円～32万3,000円",2日前,有限会社ミト・ワークス
株式会社ポータルズ,Webデザイナー・ディレクター,神戸市 名谷駅,"月給18万5,000円～",2日前,株式会社ポータルズ
株式会社D-REALIZE,WEBデザイナー,京都市 中京区,年収259万円～420万円,2日前,ワークポート
N’zグループ株式会社,Wwbデザイナー／Webプランナー／スキルアップ可能,大阪市 堺筋本町駅 徒歩3分,月給23万円～32万円,2日前,N’zグループ株式会社
株式会社レックス,WEBデザイナー,兵庫県 西宮市,年収400万円～450万円,1日前,ワークポート
株式会社エスコーポレーション,WEBデザイナー／グラフィックデザイナー,寝屋川市 寝屋川市駅 車4分,月給20万円～,2日前,株式会社エスコーポレーション
ワールドライン株式会社,広報／宣伝／販売促進／マーケティング ECサイト運用 WEB...,兵庫県 加古川市,月給30万円～35万円,2日前,ワールドライン株式会社
株式会社クロスオーバー,WEBディレクター,大阪市 西中島南方駅 徒歩5分,年収324万円～480万円,3時間前,U29JOB
株式会社アウラ,お客様に長く伴走する Webデザイナー・Webディレクター,大阪市 天神橋筋六丁目駅 徒歩2分,月給25万円～35万円,2日前,リクナビNEXT
株式会社ダトラ,WEBデザイナー,大阪市 堺筋本町駅,"月給22万8,965円～40万3,163円",1日前,株式会社ダトラ
株式会社I-SEED,広告WEBディレクター／WEBデザイナー,大阪市 心斎橋駅 徒歩4分,月給25万円～45万円,2日前,リクナビNEXT
株式会社ユニオンネット,Webディレクター／Webマーケ 月給26万円～／転勤なし,大阪市 天満橋駅 徒歩6分,月給26万円～40万円,2日前,リクナビNEXT
株式会社モンゴロイド,Webディレクター,大阪市 北新地駅 徒歩4分,年収400万円～800万円,7時間前,Green
日本ビジネスアート株式会社,WEBデザイナー,大阪市 堺筋本町駅 徒歩2分,月給35万円～60万円,3時間前,U29JOB
株式会社IONA,芸能人御用達!ECサイトのWEBマーケ・WEBディレクション,大阪市 心斎橋駅,月給26万円～,2日前,リクナビNEXT
株式会社ビジネスブレーン,WEBディレクター 集客&予約UPでホテル・旅館に貢献,大阪市 西中島南方駅 徒歩5分,月給24万円～40万円,2日前,マイナビ転職
株式会社エムハンド,WEBディレクター リモートワーク週2可能+フレックス,大阪市 本町駅 徒歩4分,月給26万円～,1日前,リクナビNEXT
株式会社パソナ,メーカー WEBディレクター／その他Webの運用・クリエイテ...,神戸市 三ノ宮駅 徒歩5分,"時給1,460円",15時間前,パソナJOBサーチ
株式会社グリーンフィールド,Webマーケティング 年間休日120日 完全週休2日 月給3...,大阪市 大阪駅 徒歩3分,月給32万円～,13時間前,エン転職
株式会社フォーデジット,WEBディレクター,大阪市 中央区,年収350万円～500万円,23時間前,ワークポート
株式会社リッシ,Webディレクター,大阪市 天満橋駅 徒歩5分,年収400万円～700万円,2日前,CREATIVE JOB
ジェイ・ライン株式会社,Webディレクター 大手企業などのリクルートサイトやコーポレ...,大阪市 四ツ橋駅 徒歩3分,年収400万円～,5時間前,Green
株式会社カイロス,Webディレクター Webデザイナー,大阪市 本町駅 徒歩6分,月給25万円～,2日前,株式会社カイロス
株式会社クラビズ,WEBディレクター,倉敷市 倉敷駅 徒歩5分,年収350万円～600万円,2時間前,U29JOB
加茂繊維株式会社,WEBクリエーター,岡山県 岡山市,年収300万円～600万円,2日前,マイナビ転職エージェントサーチ
株式会社KIDA,広報／宣伝／販売促進／マーケティング WEB戦略ポジション!...,大阪市 北区,年収400万円～700万円,2日前,株式会社KIDA
幸南食糧株式会社,WEBデザイナ,大阪府 松原市,年収360万円～500万円,19時間前,ワークポート
株式会社ゴクーグラフィックス,グラフィックデザイナー・WEBデザイナー,大阪市 肥後橋駅 徒歩4分,月給18万円～25万円,2日前,株式会社ゴクーグラフィックス
株式会社グランネット,Webデザイナー,大阪市 東梅田駅 徒歩10分,年収400万円～499万円,1日前,en ミドルの転職
株式会社Dcrews,webマーケティング,大阪市 中央区,年収260万円～450万円,1日前,ワークポート
株式会社大智設備,WEBデザイナー／WEBマーケティング,神戸市 長田駅 徒歩6分,月給18万円～40万円,2日前,株式会社大智設備
株式会社DRIVE LINE,WEBデザイナー 未経験の育成プランを準備／年間休⽇125⽇...,大阪市 西区,"月給20万3,000円～",1時間前,株式会社DRIVE LINE
株式会社大伸社ディライト,WEBディレクター,大阪市 中央区,年収420万円～700万円,11時間前,ワークポート
株式会社ブランジスタ,WEBディレクター,大阪市 西区,年収350万円～480万円,2日前,ワークポート
株式会社ビリーブ,高い自由度!インハウス WEBデザイナー 完全週休2日,神戸市 貿易センター駅 徒歩1分,月給30万円～,2日前,マイナビ転職
株式会社ジェイオンライン,会社経営にも携わるWEBディレクター,大阪市 梅田駅 徒歩5分,年収450万円～750万円,2日前,Green
株式会社ディスカバリー,WEBデザイナー@大阪,大阪市 堺筋本町駅 徒歩3分,公開していません,5時間前,Green
アンカー株式会社,未経験からWebディレクターへチャレンジ!フレックスタイム制,大阪市 北区,月給25万円～40万円,2日前,アンカー株式会社
株式会社センティリオンシステム,Webデザイナー,大阪市 中央区,年収350万円～450万円,5時間前,Green
トゥモローゲート株式会社,WEBデザイナー,大阪市 心斎橋駅 徒歩2分,"年収300万円～1,000万円",1日前,U29JOB
エフアンドエムネット株式会社,WEBディレクター,吹田市 江坂駅 徒歩1分,年収450万円～,6時間前,Green
株式会社トラフィックス,大手クライアントの案件多数! Webデザイナー 土日祝休み,大阪市 肥後橋駅 徒歩5分,月給20万円～,2日前,リクナビNEXT
Style On株式会社,WEBデザイナー アシスタント,大阪市 松屋町駅 徒歩4分,月給20万円～25万円,3日前,とらばーゆ
株式会社セルフィット,企画・webデザイナー 時短・週4勤務相談可,大阪市 大阪駅,月給28万円～,2日前,株式会社セルフィット
株式会社MIRISE,WEBデザイナー又はWEBエンジニアを募集!新しいオフィスで...,京都市 五条駅 徒歩5分,"時給950円～1,400円",2日前,株式会社MIRISE
株式会社G-7ホールディングス,WEBデザイナー,神戸市 須磨区,年収360万円～480万円,1日前,ワークポート
株式会社Coco Eleele,大手ECサイトの運営 SEOプランナー・Webデザイナー,大阪市 長堀橋駅 徒歩4分,月給22万円～40万円,2日前,リクナビNEXT
医療法人悠生会グループ,WEBディレクター,大阪市 中央区,年収324万円～500万円,6時間前,ワークポート
网易文化株式会社,英語圏へ日本・中国の商品を発信／WEBマーケティング・販促,大阪市 長堀橋駅 徒歩1分,月給40万円～50万円,2日前,リクナビNEXT
株式会社ユーニック,自社サイト作成チームを立ち上げ!／Webデザイナー・運営業務,門真市 大和田駅,月給30万円～,2日前,リクナビNEXT
株式会社ラグザス・クリエイト,Webプロモーション・WEBマーケティング・広告運用,大阪市 梅田駅 徒歩10分,公開していません,4時間前,Green
ホークアイ株式会社,WEBデザイナーアシスタント,大阪市 関目高殿駅 徒歩2分,"時給1,100円～1,150円",2日前,ホークアイ株式会社
リバティー株式会社,WEBデザイナー／建築・土木・不動産関連,京都市 西院駅 徒歩7分,月給20万円～28万円,1日前,はたらこねっと
株式会社リバティ,インターンシップ／100万円以上の商品を扱うWebマーケ!S...,宇治市 小倉駅 車10分,"時給1,000円～",3日前,ゼロワンインターン
株式会社ベネックス,WEBマーケティング／完全土日祝休み／リモートワーク可／服装...,大阪市 梅田駅 徒歩5分,月給25万円～56万円,2日前,株式会社ベネックス
株式会社ヴィス,WEBデザイナー,大阪市 北区,年収400万円～550万円,1日前,ワークポート
株式会社WSP,WEBデザイナー,大阪市 心斎橋駅 徒歩5分,年収300万円～500万円,1日前,U29JOB
コンサルロケッツ株式会社,WEBディレクター,神戸市 貿易センター駅 徒歩2分,月給25万円～35万円,2日前,コンサルロケッツ株式会社
ロバート・ウォルターズ・ジャパン株式会社,Webディレクター,泉佐野市 りんくうタウン駅 徒歩1分,"時給1,900円",1日前,リクナビ派遣
株式会社エキスパートスタッフ,月収33万円!求人広告会社でWebマーケティング,大阪市 本町駅 徒歩3分,"時給2,000円",2日前,EXPERT STAFF
株式会社カプコン,Webディレクター,大阪市 北浜駅 徒歩7分,年収350万円～750万円,2日前,CREATIVE JOB
株式会社move,WEBマーケティング,大阪狭山市 金剛駅 徒歩2分,月給21万円～,18時間前,イーキャリア
株式会社トータルデザインセンター,WEBデザイナー Webデザイナー,岡山市 大元駅 徒歩14分,月給22万円～30万円,2日前,株式会社トータルデザインセンター
小林製薬株式会社,通販マーケティング職 WEB広告担当,大阪府,年収450万円～700万円,2日前,Spring転職エージェント
ななし株式会社,Webデザイナー,大阪市 北区,年収288万円～480万円,15時間前,ワークポート
株式会社グラフィック,Webデザイナー,京都市 西院駅 徒歩5分,年収350万円～450万円,1日前,Green
株式会社カスタメディア,Webディレクター,神戸市 神戸三宮駅 徒歩3分,年収400万円～700万円,6時間前,Green
株式会社DNPデジタルソリューションズ,WEBディレクター 残業20h／離職率約4% DNP G,大阪市 西区,年収400万円～700万円,7時間前,リクルートエージェント
YBS株式会社,WEBデザイナー,姫路市 広畑駅 徒歩2分,年収300万円～600万円,1日前,Green
フォーシーズンズ株式会社,WEBディレクター,神戸市 三宮駅 徒歩7分,月給25万円～,2日前,フォーシーズンズ株式会社
アスピレーション株式会社,Webデザイナー、HTMLコーダー,大阪市 心斎橋駅 徒歩5分,月給20万円～30万円,1日前,楽天仕事紹介
株式会社A.I.L レザークラフト優,WEBデザイナー WEBデザイナー募集!週3日～服装、髪色自由,松原市 河内松原駅 徒歩6分,"時給1,200円",1日前,タウンワーク
株式会社Roseau Pensant,大阪拠点新設Webデザイナー,大阪府 大阪市,年収360万円～650万円,3日前,マイナビAGENT
Nota株式会社,Webディレクター～自社FAQサービス「Helpfeel」の...,京都市 上京区,年収400万円～700万円,11時間前,doda
プロシスタ株式会社,Webディレクター,大阪市 新大阪駅 徒歩8分,"月給19万775円～43万5,900円",8時間前,プロシスタ株式会社
有限会社アイロン,ECサイトのWEBディレクター・事業企画,芦屋市 芦屋川駅 徒歩5分,月給24万円～29万円,2日前,有限会社アイロン
未知株式会社,WEBデザイナー 一人でもできるけど自分は仲間と共に夢の実現...,大阪市 中津駅 徒歩2分,年収300万円～450万円,5時間前,Green
株式会社下鴨茶寮,アイデアで心を動かす! webデザイナー・ECサイト運営,京都市 十条駅 徒歩14分,月給20万円～22万円,2日前,リクナビNEXT
株式会社REGATE,WEBディレクター,大阪市 緑橋駅 徒歩4分,年収400万円～800万円,3日前,U29JOB
ケイビーカンパニー株式会社,Webマーケティングの営業,大阪市 大国町駅,月給25万円～,2日前,ケイビーカンパニー株式会社
株式会社京繊,WEBデザイナー HTMLコーダー、WEBデザイナー,京都市 烏丸駅 徒歩2分,月給25万円～50万円,2日前,株式会社京繊
株式会社ドゥモア,Webデザイナー 経験者優遇,大阪市 なんば駅 徒歩7分,月給25万円～,2日前,株式会社ドゥモア
株式会社アクア,WEBディレクター職,大阪市 肥後橋駅 徒歩3分,年収400万円～700万円,2時間前,CREATIVE JOB
株式会社セブンズ,経験必須!WEBデザイナー 週2日～、1日4h～,京都市 神宮丸太町駅,"時給1,200円～1,600円",2日前,株式会社セブンズ
キーフェル株式会社,営業／営業戦略立案／業務効率化推進／WEBマーケ,大阪市 西中島南方駅 徒歩3分,月給23万円～30万円,2日前,リクナビNEXT
株式会社ブリッジコーポレーション,Webデザイナー,京都市 烏丸御池駅 徒歩3分,年収329万円～623万円,5時間前,Green
株式会社ルナスタイル,ファッション雑貨通販メーカーのWEBデザイナー,東大阪市 長田駅 徒歩10分,月給27万円～45万円,2日前,株式会社ルナスタイル
MARQS株式会社,WEBコーダー WEBディレクター／経験者募集,大阪市 心斎橋駅 徒歩3分,月給28万円～40万円,2日前,MARQS株式会社
株式会社1up,アイデアを形に!Web・グラフィックデザイナー,大阪市 JR難波駅,月給20万円～,2日前,株式会社1up
株式会社アイ・エム・アール,移転の為、大募集!Webデザイナー,大阪市 堺筋本町駅 徒歩2分,月給17万円,2日前,株式会社アイ・エム・アール
有限会社御南塗装工業,WEBマーケティングスタッフ,岡山市 南区,年収350万円～650万円,20時間前,有限会社御南塗装工業
株式会社ユニクエスト,WEBデザイナー,大阪市 本町駅 徒歩5分,年収350万円～450万円,1日前,U29JOB
株式会社IZA,WEBディレクター,大阪市 緑橋駅 徒歩4分,年収400万円～800万円,2日前,U29JOB
株式会社PULL-NET,WEBディレクター,大阪市 中央区,年収314万円～600万円,1日前,ワークポート
株式会社GRIT GROUP,WEBデザイナー 障がい者さん専用求人 一般の方のご応募はご...,大阪市 浪速区,"時給1,000円～1,500円",2日前,株式会社GRIT GROUP
株式会社フィリオ,WEBデザイナー募集／北摂の閑静な住宅にある事務所でのweb...,豊中市 千里中央駅 徒歩15分,月給22万円～35万円,2日前,かんたん応募
ペタビット株式会社,WEBディレクター,神戸市 中央区,年収366万円～490万円,2日前,ワークポート
株式会社レスタス,Webデザイナー／古いようで最先端! 自社ECサイトの企画・...,大阪市 肥後橋駅 徒歩3分,年収360万円～525万円,2日前,Green
大和財託株式会社,Webマーケティング,大阪市 梅田駅,"月給43万7,600円～58万円",7時間前,宅建Job
株式会社エルバイエル,急募 17時定時 人に教えるスキルが身につくWebデザイナー,大阪市 堺筋本町駅 徒歩5分,"月給19万5,000円～20万5,000円",2日前,リクナビNEXT
株式会社オノフ,WEBデザイナー,大阪市 西区,年収350万円～800万円,3日前,Green
プラスサム・アイ株式会社 PSi株式会社,Webデザイナー・プログラマー,尼崎市 大物駅,月給20万円～80万円,8時間前,プラスサム・アイ株式会社
株式会社メガホン,Webデザイナー,大阪市 西梅田駅 徒歩5分,年収450万円～800万円,5時間前,Green
合同会社PicnicWork,WordPressをメインとしたWebデザイナーを募集してい...,枚方市 枚方市駅 徒歩2分,"月給20万9,000円",8時間前,Find Job!
ナツメアタリ株式会社,WEBデザイナ,大阪市 西梅田駅 徒歩7分,年収350万円～700万円,5時間前,Green
アイフル株式会社,WEBデザイナー／UI・UXデザイナー,京都市 五条駅 徒歩1分,年収400万円～650万円,1日前,Green
株式会社ロジカルスタジオ,Webデザイナー,大阪市 本町駅 徒歩3分,年収400万円～600万円,5時間前,Green
金氏高麗人参株式会社,WEBデザイナー ～転勤なし／基本土日祝休み,京都市 下京区,年収277万円～362万円,11時間前,doda
トンガルマン株式会社,Webディレクター,大阪市 大阪駅 徒歩7分,年収400万円～700万円,5時間前,Green
東通インテグレート株式会社,立ち上げメンバー募集! Webデザイナー 転勤なし／月給25...,大阪市 福島駅 徒歩2分,月給25万円～30万円,2日前,マイナビ転職
株式会社4NR,WEBデザイナー／動画制作やSNSでの広報宣伝,京都市 丸太町駅 徒歩5分,月給23万円～,2日前,株式会社4NR
