株式会社エクサース,ITエンジニア,刈谷市 刈谷駅 徒歩5分,"月給21万5,000円～",3日前,株式会社エクサース
ランスタッド株式会社 randstad tech...,既卒歓迎 憧れのITエンジニアに から挑戦,大阪府,年収300万円～400万円,17時間前,Re就活
株式会社トータルワーカーズ,ITエンジニア,大東市 住道駅 徒歩20分,年収550万円～700万円,3日前,株式会社トータルワーカーズ
株式会社夢テクノロジー,やる気さえあれば大丈夫!イチから始めるITエンジニア 必ず成...,大阪府,"月給19万5,000円～27万円",21時間前,エン転職
株式会社スタッフサービス,研修からスタート! ITエンジニア・PG／社内システム開発,大阪府 大阪市,"月給21万5,000円～",2日前,リクナビNEXT
ジャパニアス株式会社,在宅勤務もあり ITエンジニア インフラ,大阪府 大阪市,"月給22万3,000円～",6時間前,リクナビNEXT
ビートテック株式会社,ITエンジニア,大阪市 梅田駅,月給20万円～,6時間前,リクナビNEXT
株式会社アクティス,既卒歓迎 ITエンジニア,福岡県,年収300万円～450万円,15時間前,Re就活
株式会社アーシャルデザイン,スポーツで人生をもっと楽しく! ITエンジニア・サポート事務,大阪府 大阪市,月給22万円～,2日前,リクナビNEXT
ワークスアイディ株式会社,WEBエンジニア,大阪府,年収350万円～600万円,6日前,Green
株式会社ウェム,全員が年収UP ITエンジニア・SE・PG,大阪市 中央区,月給24万円～,2日前,リクナビNEXT
KCCSキャリアテック株式会社,未経験から”ITエンジニア”にキャリアチェンジ,大阪府,"月給20万円～21万6,000円",2日前,建職バンク
株式会社ジェイ・クリエイト,ITエンジニア 独学のあなたも、大歓迎,名古屋市 金山駅 徒歩7分,月給20万円～,1時間前,マイナビ転職
学校法人愛和学園,ITエンジニア学科の講師 設立50年以上の学校法人です!／完...,福岡市 博多駅 徒歩9分,月給26万円～,3日前,エン転職
Latent株式会社,SE 成長IT企業のエンジニア職,大阪市 中央区,年収290万円～,3日前,Latent株式会社
株式会社VSN,ITエンジニア 2カ月間の研修で未経験も安心スタート 面接1回,大阪府,月給20万円,7日前,マイナビ転職
株式会社DRIVE LINE,WEBエンジニア 未経験の育成プランを準備／オープニングメン...,大阪市 西区,"月給20万3,000円～",7時間前,株式会社DRIVE LINE
株式会社IT-ACE,経験2～3年のITエンジニアが多数入社し成長中 SE・PG,名古屋市 丸の内駅,"月給21万5,000円～",1日前,リクナビNEXT
株式会社デュアル・システム,ITエンジニア,大阪市 谷町四丁目駅 徒歩3分,月給22万円～45万円,1日前,イーキャリア
株式会社エフタス,ITエンジニア:SE・PG 充実の研修 定着率の良さも自慢,名古屋市 久屋大通駅 徒歩5分,月給19万円～,3日前,リクナビNEXT
株式会社セラク,初級ITエンジニア 未経験入社8割 定着率90%超,大阪市 西区,月給22万円～40万円,3時間前,マイナビ転職
株式会社ウイズ・ワン,既卒歓迎 ITエンジニア,福岡市 博多区,年収250万円～350万円,15時間前,Re就活
株式会社ゆあスタッフ,ITエンジニア アプリ系・制御系・組み込み系,大阪府,月給25万円～42万円,1日前,Workin.jp
株式会社エディオン,ITエンジニア／エディオン 本社 尼崎事務所,尼崎市 尼崎駅 徒歩2分,月給24万円～40万円,7日前,株式会社エディオン
株式会社GWF,経験を活かせる WEBエンジニア／自社ECサイト構築&運用,大阪市 新大阪駅 徒歩7分,月給23万円～26万円,3日前,リクナビNEXT
株式会社GL,SE ITエンジニア／居酒屋店員・販売職等からのジョブチェン...,福岡市 博多区,月給23万円～,3日前,株式会社GL
株式会社アベールジャパン,学歴・年齢不問 選べるキャリア ITエンジニア 年休126日,大阪市 北区,月給25万円～50万円,10時間前,リクナビNEXT
株式会社Billage,WEB系開発システムエンジニア,名古屋市 中区,"年収300万円～1,000万円",3日前,株式会社Billage
株式会社MIRISE,WEBデザイナー又はWEBエンジニアを募集!新しいオフィスで...,京都市 五条駅 徒歩5分,"時給950円～1,400円",3日前,株式会社MIRISE
株式会社ウイルテック,年休120日・残業少・社宅有 ソフト開発などのITエンジニア,大阪府 大阪市,月給25万円～,10時間前,リクナビNEXT
株式会社Over REVO,ITエンジニア 未経験歓迎／残業月平均15h／年休125日／...,名古屋市 伏見駅 徒歩3分,月給20万円～,20時間前,エン転職
株式会社アルプス技研,ITエンジニア,京都府,年収350万円～700万円,4日前,U29JOB
株式会社ITAGE GLOBAL,ITエンジニア 4名のメンバーが育休取得中／残業8h以下,名古屋市 栄駅 徒歩3分,月給25万円～40万円,3日前,マイナビ転職
株式会社電翔,20代30代活躍中! ITエンジニア 未経験・経験者共に歓迎,大阪市 中央区,月給23万円～,7日前,マイナビ転職
株式会社パケモ,ITエンジニア,愛知県 名古屋市,月給20万円～40万円,3日前,株式会社パケモ
トランスコスモス株式会社,ITエンジニア,大阪府 大阪市,"月給22万5,500円～",3日前,リクナビNEXT
株式会社エスユーエス,ITエンジニア 残業は月平均19.4時間、年間休日127日,名古屋市 名駅,月給20万円～50万円,14時間前,株式会社エスユーエス
株式会社FAN・DREAM,SE・未経験可／ITエンジニアyu n,大阪市 心斎橋駅,月給20万円～27万円,3日前,株式会社FAN・DREAM
株式会社スタッフサービスエンジニアリング事業本部,ITエンジニア 土日祝休み,大阪府,"月給21万5,000円～",1時間前,PROSEEK
株式会社KIDA,ITエンジニアとしてキャリアスタートしませんか ゼロからのチ...,大阪府 大阪市,月給21万円～,3日前,株式会社KIDA
株式会社アクシス,Webエンジニア、プログラマー、SE、保守運用,福岡市 中洲川端駅 徒歩3分,年収350万円～550万円,16時間前,Green
株式会社クリーク・アンド・リバー社,Webエンジニア～東証・名証一部上場企業,名古屋市 丸の内駅 徒歩1分,"時給1,400円～1,800円",4日前,CREATIVE JOB
株式会社シマノ,ITエンジニア／デジタルマーケ 自転車部品世界シェアNo.1,堺市 堺東駅 バス15分,月給25万円～40万円,3日前,リクナビNEXT
株式会社メイテックフィルダーズ,ITエンジニア AIやIoT等の最先端システム開発も有り／全...,大阪府,"月給17万9,700円～47万8,225円",3日前,マイナビ転職
アルテンジャパン株式会社,日本法人立ち上げメンバー募集 ITエンジニア 前職給与保証,福岡県,月給27万円～55万円,1時間前,マイナビ転職
アースインターシステムズ株式会社,ITエンジニア,大阪市 新大阪駅 徒歩2分,月給24万円～,7日前,type
CLINKS株式会社,既卒歓迎 ITエンジニア,大阪市 北区,年収250万円～550万円,18時間前,Re就活
タリスマン株式会社,大手勤務のITエンジニア,福岡市 博多区,月給22万円～,3日前,タリスマン株式会社
株式会社デジアサ,WEB エンジニア,大阪市 福島駅,"月給20万9,500円",14時間前,株式会社デジアサ
株式会社村田製作所,ITエンジニア,京都府,年収500万円～850万円,5日前,en ミドルの転職
株式会社メディノス採用グループ,ITエンジニア,大阪市 本町駅,公開していません,5日前,株式会社メディノス採用グループ
フューチャーネット株式会社,経験年数不問!スキルを活かせる ITエンジニア 年休118日,福岡県 福岡市,月給22万円～30万円,3日前,マイナビ転職
株式会社システムコーディネイト,ITエンジニア,大阪市 新大阪駅 徒歩5分,年収450万円～700万円,10時間前,U29JOB
ICT株式会社,テレワークok!土日祝休み!WEBエンジニア,兵庫県 姫路市,月給25万円～35万円,3日前,ICT株式会社
株式会社レッツアイ,Webプログラマー／システムエンジニア,大阪市 今宮戎駅,"時給1,800円～",6日前,Let's i
株式会社ボールド,ITエンジニア 明確な評価制度で91%が昇給／キャリアサポー...,大阪市 大阪梅田駅,月給34万円～60万円,2日前,かんたん応募
株式会社NSI,ITエンジニア 年休124日,福岡市 中央区,月給20万円～60万円,3日前,リクナビNEXT
トゥモローゲート株式会社,WEBエンジニア,大阪市 心斎橋駅 徒歩3分,年収300万円～700万円,1日前,U29JOB
株式会社ラグザス・クリエイト,フロントエンドエンジニア あなたの「こだわり」は何ですか?未...,大阪市 梅田駅 徒歩10分,公開していません,16時間前,Green
株式会社ウイングノア,ITエンジニア,大阪市 大阪駅 徒歩5分,月給28万円～35万円,2日前,ハローワーク梅田
株式会社アウトソーシングテクノロジー,ITエンジニア,名古屋市 名古屋駅,年収350万円～800万円,23時間前,doda
株式会社アスリード,ITエンジニア,大阪府,年収250万円～350万円,18時間前,Re就活
株式会社タノシーク,フロントエンドエンジニア／Webデザイナー,名古屋市 伏見駅 徒歩2分,年収300万円～600万円,12時間前,Green
株式会社メイテック,ITエンジニア／生涯エンジニア／離職率5.5%,大阪府,年収400万円～800万円,2日前,en ミドルの転職
キャル株式会社,ITエンジニア 50代60代多数活躍中! 即時面接! 離職中...,大阪市 心斎橋駅 徒歩1分,月給30万円～,3日前,エン転職
株式会社EMD,既卒歓迎・ITエンジニア職,名古屋市 中区,年収300万円～800万円,18時間前,Re就活
アクサス株式会社,ITエンジニア 未経験OK 女性エンジニア4割,大阪市 大阪駅,月給30万円～,4日前,女の転職type
株式会社だんきち,Webエンジニア、アプリエンジニア,大阪府 摂津市,月給25万円～,14時間前,株式会社だんきち
株式会社RISING,ITエンジニア 学歴不問／高待遇,大阪市 北区,月給25万円～45万円,14時間前,株式会社RISING
PHC株式会社,Webエンジニア,福岡市 博多区,年収570万円～950万円,6時間前,リクルートエージェント
株式会社たきコーポレーション,WEBエンジニア,名古屋市 国際センター駅 徒歩2分,月給20万円～30万円,7時間前,U29JOB
株式会社アソウ・アルファ,ITエンジニア,大阪府,年収350万円～700万円,17時間前,doda
HYUGA PRIMARY CARE株式会社,WEBエンジニア,福岡市 中央区,年収330万円～700万円,1日前,ワークポート
ヒューマンパワーグループ,ゼロからはじめるITエンジニア ビジネスマナーから学べる研修...,福岡県,月給18万円～50万円,14時間前,ヒューマンパワーグループ
株式会社エクザム,ウェブエンジニア,京都市 西大路御池駅,年収300万円～650万円,16時間前,Green
株式会社エージェントグロー,ITエンジニア 案件選択制度×単価評価制度で新しいワークスタ...,大阪市 淀川区,月給30万円～90万円,3日前,エン転職
ナッシュ株式会社,WEBエンジニア,大阪市 中央区,年収300万円～500万円,2日前,ワークポート
株式会社新大陸,福岡県福岡市勤務 Webエンジニア・グロースハッカー,福岡市 博多駅 徒歩11分,年収350万円～896万円,1日前,Green
株式会社W-ENDLESS,WEBエンジニア,大阪市 西区,年収450万円～800万円,2日前,ワークポート
株式会社リクルートスタッフィング情報サービス,既卒歓迎 ITエンジニア,大阪市 中央区,年収250万円～350万円,17時間前,Re就活
株式会社日立社会情報サービス,上流工程から運用保守まで ITエンジニア,大阪府 大阪市,月給24万円～,3日前,マイナビ転職
株式会社Def tribe,ITエンジニア／自社内開発メイン／中途入社者の年収UP率10...,大阪市 心斎橋駅 徒歩5分,年収400万円～700万円,3日前,エン転職
株式会社フォーラムエンジニアリング,東証一部上場の安定環境でゆとりある生活を ITエンジニア,大阪府 大阪市,"月給20万5,000円～45万5,000円",2日前,リクナビNEXT
ユニティ株式会社,Webエンジニア,大阪市 西中島南方駅 徒歩5分,年収600万円～700万円,1日前,Green
株式会社フィールドロジック,WEBエンジニア,大阪市 肥後橋駅 徒歩2分,年収500万円～550万円,7日前,U29JOB
サンライズ,基礎から学べるITエンジニア・社会保険完備・文系出身者も多数...,名古屋市 中区,年収230万円～324万円,1日前,サンライズ
株式会社エイチーム,Web開発エンジニア,大阪市 梅田駅 徒歩3分,月給30万円～,5時間前,CREATIVE JOB
株式会社トライエッティング,SaaSプロダクト開発をリードするWebエンジニア,名古屋市 新栄町駅 徒歩2分,年収350万円～600万円,3日前,Green
株式会社タクス,ITエンジニア 自社開発サービスにも携われます／年休120日...,名古屋市 千種駅 徒歩2分,月給21万円～50万円,20時間前,エン転職
ALH株式会社,9割未経験 ITエンジニア 大阪創設メンバー採用プロジェクト,大阪市 北区,"月給21万5,000円～",3時間前,マイナビ転職
株式会社インサイト,web系開発エンジニア,豊中市 千里中央駅 徒歩5分,月給20万円～,14時間前,株式会社インサイト
株式会社アンビシャス,Webフロントエンドエンジニア,大阪市 松屋町駅 徒歩2分,年収450万円～650万円,15時間前,Green
株式会社プロキシー,Webエンジニア,大阪市 淀川区,年収449万円～500万円,22時間前,doda
フューチャー・アンティークス株式会社,ITエンジニア 前職給与考慮,大阪市 北区,月給25万円～,2日前,リクナビNEXT
株式会社ヒューマンクリエイト,ITエンジニア 長く働ける職場 テレワークも実施中,大阪市 本町駅 徒歩3分,月給20万円～,20時間前,エン転職
トーテックアメニティ株式会社,未経験からシステムやネットワークを支えられるITエンジニア,大阪市 北区,"月給18万6,500円～22万5,000円",7日前,リクナビNEXT
株式会社アイティーシェルパ,福岡／年休120日以上／100%自社開発・プライム案件／先端...,福岡市 赤坂駅,月給25万円～45万円,23時間前,マイナビ転職エージェントサーチ
株式会社ヨドック,自社内開発のITエンジニア 残業ほぼナシ／有休消化率約90%...,大阪市 新大阪駅 徒歩2分,月給25万円～,20時間前,エン転職
ネクストライブ株式会社,ITエンジニア 自社サービス・オウンドメディアの開発にも携わ...,大阪市 福島駅 徒歩5分,月給25万円～60万円,20時間前,エン転職
株式会社LITS,英語スキルが活かせるバイリンガルITエンジニア 在宅での業務...,大阪市 梅田駅 徒歩10分,月給22万円～45万円,3日前,エン転職
株式会社ルトラ 大阪をはじめ、京都・兵庫・滋賀な...,ITエンジニア／残業は月7.4時間／年間休日125日以上／エ...,大阪市 本町駅 徒歩3分,月給24万円～70万円,14時間前,株式会社ルトラ
株式会社豊通シスコム,ITインフラエンジニア／PM,名古屋市 近鉄名古屋駅,年収521万円～768万円,4日前,doda
THRIVE株式会社,ITエンジニア,名古屋市 中区,月給16万円～24万円,3日前,THRIVE株式会社
トランスコスモス株式会社~東証一部上場～,Webエンジニア,福岡市 天神駅,年収350万円～600万円,23時間前,doda
株式会社ユー・エス・イー,ITエンジニア 自社開発あり 賞与昨年実績4.36ヶ月分,福岡市 博多駅,年収350万円～800万円,23時間前,doda
株式会社アットイン,WEBエンジニア,名古屋市 名駅,"月給26万8,060円～40万円",5日前,転職ナビ
株式会社イケヒコ・コーポレーション,Webエンジニア 同社の広報をお任せします!自社Webアプリ...,福岡県 大木町,年収350万円～600万円,3日前,マイナビAGENT
GMOペパボ株式会社,Webアプリケーションエンジニア,福岡市 天神駅,年収400万円～650万円,1日前,Green
ノックス株式会社,Webエンジニア,大阪市 福島区,年収500万円～600万円,20時間前,doda
株式会社エクストリーム,IT系システムエンジニア・プログラマー・インフラエンジニア,名古屋市 中区,年収300万円～500万円,7日前,U29JOB
株式会社アイビス,成長した未来の自分に出会える! ITエンジニア,大阪市 新大阪駅 徒歩2分,"月給20万円～51万8,400円",7日前,マイナビ転職
FutureRays株式会社,ITエンジニア,大阪市 北区,月給24万円～70万円,6日前,イーキャリア
ネットワンシステムズ株式会社,NOS WEB開発エンジニア,大阪市 淀川区,月給26万円～,5日前,ネットワンシステムズ株式会社
エイビースタッフ株式会社,WEBアプリケーションエンジニア,福岡県 北九州市,月給21万円～44万円,2日前,エイビースタッフ株式会社
株式会社リソップ 神戸旧居留地オフィス,ITエンジニア,大阪市 谷町四丁目駅 徒歩8分,月給24万円～50万円,14時間前,株式会社リソップ
株式会社ブライトシステム,既卒歓迎 ITエンジニア,大阪市 本町駅,年収350万円～600万円,18時間前,Re就活
株式会社UKnet,ITエンジニア AI開発・実装・運用,大阪市 中央区,月給20万円～45万円,14時間前,株式会社UKnet
株式会社HAL,ITエンジニア 契約額の80%を還元 未経験者OK 定着率9...,大阪市 中央区,月給35万円～,3日前,マイナビ転職
