ミュー・デザイン株式会社,Webディレクター／Webデザイナー／CD not体育会系,名古屋市 上前津駅 徒歩3分,月給23万円～,1時間前,リクナビNEXT
株式会社ロビン,社内Webディレクター,岐阜県 笠松町,"月給24万5,000円",2日前,JOB
株式会社いいね,SE WEBマーケティングコンサルタント,静岡市 静岡駅 徒歩7分,月給22万円～,2日前,株式会社いいね
株式会社スポーツマネージメント,WEBデザイナー,刈谷市 小垣江駅 徒歩5分,"月給18万1,000円～23万5,000円",2日前,株式会社スポーツマネージメント
株式会社アドバ,Webデザイナー／事業拡大中の制作部門!土日祝休・福利厚生充実,愛知県 名古屋市,年収360万円～,1日前,リクルートエージェント
ハンジョウ株式会社,ブランクok!経験が活かせる!WEBデザイナー,福井市 まつもと町屋駅 車5分,"月給16万5,000円～35万5,000円",2日前,ハンジョウ株式会社
株式会社リーピー,WEBディレクター,岐阜県 岐阜市,年収300万円～600万円,1日前,ワークポート
トランス･コスモス株式会社,Webディレクター,名古屋市 伏見駅 徒歩4分,年収400万円～600万円,46分前,CREATIVE JOB
スリーカウント株式会社,WEBマーケティング専門社のメンバーとして静岡の企業様の集客...,浜松市 中区,月給30万円～,6時間前,スリーカウント株式会社
株式会社デキューブ,WEBマーケティング・コンテンツ運用 経験者優遇!未経験者可,名古屋市 千種区,月給23万円～25万円,3日前,リクナビNEXT
株式会社FURAZOA,Webディレクター,石川県 金沢市,月給18万円～30万円,2日前,マイナビ転職エージェントサーチ
株式会社共伸興建,WEBマーケティング・HP運営 年間休日125日,稲沢市 森上駅 徒歩15分,月給18万円～,2日前,株式会社共伸興建
株式会社ジーエスコンサルティング,前職給与保証／webマーケティング責任者候補,名古屋市 東山公園駅 徒歩2分,月給40万円～60万円,2日前,株式会社ジーエスコンサルティング
株式会社MTG,WEBディレクター,名古屋市 本陣駅 徒歩5分,年収380万円～450万円,1時間前,U29JOB
株式会社OA推進センター,WEBマーケティング & 新規開拓・テレアポなしのルート営業,名古屋市 鳴海駅 車5分,月給20万円～50万円,3日前,リクナビNEXT
ジーピースタッフ株式会社,ソーシャルメディアを活用したWebマーケティング戦略を企業へ...,浜松市 中区,月給25万円～,2日前,ジーピースタッフ株式会社中部エリア
株式会社トップマークス,WEBディレクター・マネージャー候補,名古屋市 矢場町駅 徒歩1分,月給46万円～,3日前,リクナビNEXT
株式会社新大陸,WEBマーケティングコンサルタント／ディレクター,浜松市 中区,年収350万円～600万円,1日前,リクルートエージェント
株式会社アクアプラス,経験を活かせる! 受付事務 Webマーケティング,静岡市 春日町駅 徒歩2分,"月給18万円～20万5,000円",2日前,株式会社アクアプラス
SOU株式会社,チームの中心のリーダー募集!WEBディレクター,岐阜県 岐阜市,月給20万円～40万円,2日前,SOU株式会社
スタジオ,WEBデザイナー,浜松市 中区,月給16万円～25万円,2日前,スタジオ
株式会社マックスマウス,Webディレクター,名古屋市 名古屋駅 徒歩1分,年収360万円～660万円,1日前,CREATIVE JOB
株式会社カーボ,Webマーケティング担当,福井県 福井市,"月給18万5,000円～30万円",2日前,株式会社カーボ
株式会社リッシュプラス,社内WEBデザイナー,名古屋市 中区,月給20万円～30万円,2日前,株式会社リッシュプラス
柳屋株式会社,戦略立案 インハウス／デジタルマーケティング・WEB運営,愛知県 名古屋市,月給30万円～,3日前,リクナビNEXT
株式会社スーパーアプリ,正社員-名古屋の業績好調ソーシャルアプリ開発会社でのWebデ...,名古屋市 伏見駅 徒歩10分,公開していません,1日前,CREATIVE JOB
医療法人参方善さくら会,経験者募集 Web・紙媒体デザイナー,名古屋市 名古屋駅 徒歩1分,月給20万円～32万円,1日前,リクナビNEXT
株式会社大栄仮設工業,足場づくり現場の営業・WEBマーケティングスタッフ,静岡県 富士市,月給23万円～73万円,2日前,株式会社大栄仮設工業
シェアリングテクノロジー株式会社,Webデザイン・コーディング・ディレクター,名古屋市 名古屋駅,月給27万円,1日前,シェアリングテクノロジー株式会社
株式会社アイガ,新体制の重要ポジションを担うwebディレクター 名駅スグ オ...,名古屋市 名古屋駅 徒歩7分,月給24万円～,2日前,株式会社アイガ
リネットジャパングループ株式会社,WEBディレクター,名古屋市 中村区,年収400万円～600万円,1日前,ワークポート
株式会社チーム・チャンネル,ネイル・エステサロンの課題を解決! 提案営業・WEBマーケ,愛知県 名古屋市,月給22万円～,2日前,リクナビNEXT
株式会社いい生活,WEBディレクター,名古屋市 名駅,年収280万円～300万円,1日前,ワークポート
株式会社デージーネット,営業事務 WEBマーケティングを中心とした営業サポート事務 ...,名古屋市 上社駅 徒歩8分,月給19万円～,2日前,株式会社デージーネット
株式会社ワールド,WEBデザイナー兼ネットショップ運営 経験者優遇,石川県 金沢市,月給22万円～,2日前,株式会社ワールド
DSGジャパン株式会社 浜松金指工場,Webデザイナー,浜松市 金指駅 徒歩1分,年収350万円～600万円,2日前,DSGジャパン株式会社浜松金指工場
株式会社建設のマルモ,新築住宅の営業企画・販売促進の要になる企画・広報・WEBマー...,静岡市 駿河区,月給20万円～30万円,8時間前,株式会社建設のマルモ
トランスコスモス株式会社~東証一部上場～,Webディレクター／大手有名企業のコーポレートサイト・ECサ...,名古屋市 伏見駅,年収350万円～550万円,17時間前,doda
株式会社デージーネット本社,WEBマーケティングを中心とした営業サポート事務 土日休み／...,名古屋市 上社駅 徒歩7分,月給19万円～,7時間前,株式会社デージーネット
株式会社静鉄アド・パートナーズ,WEBディレクター,静岡市 音羽町駅 徒歩4分,月給20万円～35万円,2日前,株式会社静鉄アド・パートナーズ
株式会社エーライン,Webデザイナー・コーダー・マークアップエンジニア,福井市 福井駅 車10分,"月給20万9,330円～49万2,580円",2日前,株式会社エーライン
グローバルデザイン株式会社,WEBサイト運用ディレクター,静岡市 葵区,年収360万円～480万円,17時間前,ワークポート
株式会社オフィスオフサイド,WEBデザイナー,名古屋市 栄駅 徒歩4分,月給20万円～30万円,2日前,株式会社オフィスオフサイド
株式会社Puravida,営業／企画営業 WEBマーケティングプランナー,名古屋市 中区,月給25万円～60万円,2日前,株式会社Puravida
株式会社オオヤ,Webデザイン／Webデザイナー、DTPオペレーター／印刷・...,知立市 知立駅 徒歩10分,月給30万円～35万円,3日前,バイトル
株式会社ジークス,WEBデザイナー,福井市 足羽山公園口駅 徒歩2分,年収400万円～600万円,2日前,U29JOB
マックスファンシー株式会社,ネットショップ店長候補、WEBデザイナーなど,豊川市 諏訪町駅 徒歩10分,月給20万円～25万円,1日前,ハローワーク豊川
株式会社リアルテック・コンサルティング,WEBディレクター,名古屋市 名駅,年収300万円～500万円,17時間前,ワークポート
株式会社篠原化学,ネットショップWebデザイナー・店舗運営 残業月20h以下,名古屋市 御器所駅 徒歩5分,月給25万円～40万円,1日前,マイナビ転職
株式会社アンティー・ファクトリー,WEBデザイナー,名古屋市 昭和区,年収300万円～700万円,19時間前,ワークポート
株式会社ASSIST,営業／企画営業 webマーケティング営業,名古屋市 中区,"月給20万8,000円～60万円",2日前,株式会社ASSIST
株式会社BERITA,WEBデザイナー 短時間&水土日休み 週4日 住宅建築に携わ...,名古屋市 高岳駅 徒歩8分,月給12万円～38万円,2日前,株式会社BERITA
株式会社アルバイトタイムス,自社WEBメディアの開発ディレクター,静岡市 葵区,"月給24万7,000円～33万5,800円",1日前,JOB
司法書士法人はらこ事務所,HP運営・管理・コーディング・WEBマーケなど全般,名古屋市 国際センター駅 徒歩1分,月給20万円～28万円,2日前,司法書士法人はらこ事務所
株式会社ピアリー,SNSクリエイター／WEBデザイナー ブライダルサイト「PI...,羽島市 須賀駅 徒歩6分,月給23万円～30万円,2日前,株式会社ピアリー
株式会社アビリブ,WEBデザイナー ECサイトのWebディレクター,岐阜市 岐阜駅 徒歩7分,月給25万円～35万円,2日前,株式会社アビリブ
キッシーズ株式会社,おもちゃとバルーンの専門商社でウェブデザイナー募集,名古屋市 名古屋駅 徒歩10分,月給20万円～,2日前,キッシーズ株式会社
株式会社中日本開発,WEBデザイナー Webデザイナー／コーダー,名古屋市 池下駅 徒歩5分,月給20万円～24万円,2日前,株式会社中日本開発
株式会社HomePageShop,WEBデザイナー DTPデザイナー 北海道札幌市での勤務の可...,名古屋市 天白区,月給23万円～28万円,2日前,株式会社HomePageShop
穂の国エンジニアリング株式会社,WEBデザイナー,浜松市 中区,月給25万円～30万円,21時間前,JOB
株式会社シンキング 名古屋市西区名古屋,Webマーケティング,名古屋市 名古屋駅 徒歩10分,月給20万円～30万円,1日前,株式会社シンキング
株式会社ITCS,デジタルマーケティング,愛知県 名古屋市,年収400万円～900万円,1日前,リクルートエージェント
株式会社アートエム,ECショップの運営スタッフ,あま市 甚目寺駅 車8分,"月給21万円～33万8,000円",2日前,株式会社アートエム
株式会社ビジュアルソフト,システムエンジニア,福井県 福井市,年収300万円～580万円,10時間前,ワークポート
株式会社TOILO,グラフィックデザイナー,名古屋市 新栄町駅 徒歩1分,月給20万円～28万円,2日前,株式会社TOILO
ディーピーティー株式会社,WEB広告の法人営業／ブルーカラーに特化した自社メディア,名古屋市 栄駅,"月給24万円～37万5,000円",2日前,doda
CLUB XaNaLy,フロアレディ・カウンターレディ 、 店長・マネージャー候補／...,豊田市 豊田市駅 徒歩5分,"時給6,000円～8,000円",2日前,バイトル
中日クラフト株式会社,SNSを使って魅力を伝えて拡販!マーケティング・広報スタッフ,春日井市 勝川駅 車5分,月給24万円～40万円,3日前,リクナビNEXT
レバンテ株式会社,マーケティング・ECサイト運営,名古屋市 東区,年収300万円～500万円,7時間前,ワークポート
株式会社フェニシス,「フロントエンドエンジニア」アニメ・ゲーム・おもちゃを中心と...,石川県 金沢市,月給25万円～45万円,2日前,株式会社フェニシス
株式会社ラプト,ブランディング、企業・商品ロゴ、名刺、会社案内、Webサイト...,静岡市 駿河区,月給20万円～,2日前,マイナビ転職エージェントサーチ
有限会社トップクリエイト,通販サイトの運営・管理 商品の受発注管理,名古屋市 桜山駅 徒歩5分,月給16万円～,2日前,有限会社トップクリエイト
株式会社JUSTY,各リサイクル商品の通信販売,石川県 金沢市,月給20万円～,15時間前,Workin.jp
株式会社PROCAST,広報,名古屋市 名古屋駅 徒歩7分,月給21万円～,2日前,株式会社PROCAST
カーサノバ株式会社,「ホシみっつ」ブランドを世に広める!WEBエンジニア,名古屋市 鶴舞駅 徒歩3分,月給25万円～,2日前,カーサノバ株式会社
中部テレコミュニケーション株式会社,BtoCデジタルマーケティング,名古屋市 伏見駅 徒歩2分,年収381万円～539万円,2日前,U29JOB
株式会社Satelite works,フロントエンジニア／ディレクションやデザインにも携われます,愛知県 名古屋市,年収420万円～,8時間前,リクルートエージェント
株式会社スタッフサービス,Web制作WEB制作,名古屋市 久屋大通駅 徒歩10分,"月給21万5,000円～30万円",1日前,スタッフサービス・エンジニアリング 常用型派遣
株式会社アットイン,WEBサイト開発,名古屋市 名駅,年収501万円～600万円,1日前,ワークポート
株式会社Geolocation Technolo...,サイバーセキュリティエンジニア,静岡県 三島市,年収360万円～620万円,1日前,ワークポート
株式会社グッドライフパートナーズ,営業支援、営業,名古屋市 中区,月給17万円～21万円,2日前,株式会社グッドライフパートナーズ
株式会社FALCONER,名古屋 自社運営サイトのデザイン・管理をお任せ,名古屋市 名東区,年収300万円～450万円,1日前,リクルートエージェント
株式会社アール,WEB広告のデザイン制作／完全在宅勤務可 完週休2日,愛知県 名古屋市,月給28万円,3時間前,リクナビNEXT
GOYOサービス株式会社,倉庫管理・入出荷、仕分け・シール貼り,小牧市 小牧駅 車10分,月給25万円～,2日前,バイトルNEXT
株式会社エー・オー・シー,SE 社内システムエンジニア,金沢市 金沢駅 徒歩5分,月給20万円～30万円,2日前,株式会社エー・オー・シー
株式会社ネクストビート,地方の活性化! 新規事業立ち上げ,名古屋市 名古屋駅 徒歩2分,年収400万円～800万円,1日前,イーキャリアFA
株式会社アルファプランニング,広報／宣伝／販売促進／マーケティング マーケティングサポート職,名古屋市 名古屋駅 徒歩3分,月給19万円～23万円,2日前,株式会社アルファプランニング
ヤマハ発動機株式会社,デジタルマーケティング運用・改善,磐田市 御厨駅 徒歩18分,年収450万円～750万円,1日前,U29JOB
株式会社カンパニーズ,メディアサイトの制作などのアシスタントを募集します,名古屋市 丸の内駅 徒歩5分,月給24万円,8時間前,Find Job!
株式会社とんぼ八,新規オープン!金沢のミュージアムの店舗運営・販促・Web企画,金沢市 野町駅 徒歩5分,月給25万円～,2時間前,リクナビNEXT
THRIVE株式会社,採用担当,名古屋市 中区,月給22万円～,2日前,THRIVE株式会社
株式会社The SEED,人気ブランドシューズを扱う輸入商社のマーケティング,静岡市 静岡駅 車15分,月給19万円～,3日前,リクナビNEXT
株式会社Will Agency,SNSデザイナー 土日祝休み 未経験OK,名古屋市 中村区,月給27万円～35万円,1日前,PROSEEK
株式会社WEB企画,WEBマーケター,名古屋市 西区,年収294万円～500万円,6時間前,ワークポート
ロータスワークス株式会社,大手企業向けのシステムエンジニア,静岡県 富士市,"月給25万円～35万7,200円",3日前,ロータスワークス株式会社
ミュー・デザイン株式会社,Webディレクター／Webデザイナー／CD not体育会系,名古屋市 上前津駅 徒歩3分,月給23万円～,1時間前,リクナビNEXT
株式会社ロビン,社内Webディレクター,岐阜県 笠松町,"月給24万5,000円",2日前,JOB
株式会社いいね,SE WEBマーケティングコンサルタント,静岡市 静岡駅 徒歩7分,月給22万円～,2日前,株式会社いいね
株式会社スポーツマネージメント,WEBデザイナー,刈谷市 小垣江駅 徒歩5分,"月給18万1,000円～23万5,000円",2日前,株式会社スポーツマネージメント
株式会社アドバ,Webデザイナー／事業拡大中の制作部門!土日祝休・福利厚生充実,愛知県 名古屋市,年収360万円～,1日前,リクルートエージェント
ハンジョウ株式会社,ブランクok!経験が活かせる!WEBデザイナー,福井市 まつもと町屋駅 車5分,"月給16万5,000円～35万5,000円",2日前,ハンジョウ株式会社
株式会社リーピー,WEBディレクター,岐阜県 岐阜市,年収300万円～600万円,1日前,ワークポート
トランス･コスモス株式会社,Webディレクター,名古屋市 伏見駅 徒歩4分,年収400万円～600万円,51分前,CREATIVE JOB
スリーカウント株式会社,WEBマーケティング専門社のメンバーとして静岡の企業様の集客...,浜松市 中区,月給30万円～,6時間前,スリーカウント株式会社
株式会社デキューブ,WEBマーケティング・コンテンツ運用 経験者優遇!未経験者可,名古屋市 千種区,月給23万円～25万円,3日前,リクナビNEXT
株式会社タービン・インタラクティブ,Webディレクター コンテンツをがっちり守る、サイト運用ディ...,名古屋市 久屋大通駅 徒歩1分,年収380万円～500万円,5時間前,Green
アメニティージャパン株式会社,WEBデザイナー／インターネット・Web関連,名古屋市 新栄町駅 徒歩5分,"時給1,500円～",9時間前,はたらこねっと
株式会社グローバル・スタッフ,週3～5日!スペシャリストを目指す方歓迎!WEBデザイナー派遣,愛知県 名古屋市,"時給1,700円～2,000円",1日前,エン派遣
株式会社FURAZOA,Webディレクター,石川県 金沢市,月給18万円～30万円,2日前,マイナビ転職エージェントサーチ
株式会社クリーク・アンド・リバー社,WEBデザイナー兼コーダー～東証・名証一部上場企業,名古屋市 丸の内駅 徒歩1分,"時給1,200円～1,600円",2日前,CREATIVE JOB
株式会社共伸興建,WEBマーケティング・HP運営 年間休日125日,稲沢市 森上駅 徒歩15分,月給18万円～,2日前,株式会社共伸興建
株式会社ジーエスコンサルティング,前職給与保証／webマーケティング責任者候補,名古屋市 東山公園駅 徒歩2分,月給40万円～60万円,2日前,株式会社ジーエスコンサルティング
株式会社パソナテック,Webディレクターのサポート業務,名古屋市 伏見駅 徒歩1分,"時給1,700円～1,750円",1日前,PASONA TECH
株式会社MTG,WEBディレクター,名古屋市 本陣駅 徒歩5分,年収380万円～450万円,2時間前,U29JOB
株式会社OA推進センター,WEBマーケティング & 新規開拓・テレアポなしのルート営業,名古屋市 鳴海駅 車5分,月給20万円～50万円,3日前,リクナビNEXT
ジーピースタッフ株式会社,ソーシャルメディアを活用したWebマーケティング戦略を企業へ...,浜松市 中区,月給25万円～,2日前,ジーピースタッフ株式会社中部エリア
株式会社トップマークス,WEBディレクター・マネージャー候補,名古屋市 矢場町駅 徒歩1分,月給46万円～,3日前,リクナビNEXT
株式会社ファーストステップ,WEBデザイナー／インターネット・Web関連,名古屋市 丸の内駅 徒歩7分,"時給1,500円～1,600円",17時間前,はたらこねっと
株式会社新大陸,WEBマーケティングコンサルタント／ディレクター,浜松市 中区,年収350万円～600万円,1日前,リクルートエージェント
株式会社ファイブセンス,IT／コンピュータ ユーザーサポート 弊社作成サイトのweb...,春日井市 春日井駅 徒歩15分,"時給1,300円～",2日前,株式会社ファイブセンス
株式会社リクルートスタッフィング,WEBディレクター,名古屋市 伏見駅 徒歩3分,"時給1,800円～",1日前,リクルートスタッフィング
株式会社アクアプラス,経験を活かせる! 受付事務 Webマーケティング,静岡市 春日町駅 徒歩2分,"月給18万円～20万5,000円",2日前,株式会社アクアプラス
株式会社AZUMA,WEBデザイナー,名古屋市 久屋大通駅 徒歩3分,"時給1,000円～",2日前,株式会社AZUMA
SOU株式会社,チームの中心のリーダー募集!WEBディレクター,岐阜県 岐阜市,月給20万円～40万円,2日前,SOU株式会社
スタジオ,WEBデザイナー,浜松市 中区,月給16万円～25万円,2日前,スタジオ
株式会社マックスマウス,Webディレクター,名古屋市 名古屋駅 徒歩1分,年収360万円～660万円,1日前,CREATIVE JOB
株式会社タノシーク,フロントエンドエンジニア／Webデザイナー,名古屋市 伏見駅 徒歩2分,年収300万円～600万円,5時間前,Green
株式会社カーボ,Webマーケティング担当,福井県 福井市,"月給18万5,000円～30万円",2日前,株式会社カーボ
株式会社リッシュプラス,社内WEBデザイナー,名古屋市 中区,月給20万円～30万円,2日前,株式会社リッシュプラス
柳屋株式会社,戦略立案 インハウス／デジタルマーケティング・WEB運営,愛知県 名古屋市,月給30万円～,3日前,リクナビNEXT
株式会社ハーモネット,WEBデザイナー LP制作 ECサイトのデザイン,名古屋市 上小田井駅 徒歩5分,"時給1,300円～",2日前,株式会社ハーモネット
株式会社スーパーアプリ,正社員-名古屋の業績好調ソーシャルアプリ開発会社でのWebデ...,名古屋市 伏見駅 徒歩10分,公開していません,1日前,CREATIVE JOB
株式会社サイバーインテリジェンス,WEBデザイナー ワードプレスのコーディング経験者募集／パー...,岐阜県 岐阜市,"時給1,200円～1,450円",2日前,株式会社サイバーインテリジェンス
株式会社宝石のたなか,WEBデザイナー ホームページ・広告ヴィジュアル制作スタッフ,名古屋市 久屋大通駅 徒歩1分,"時給1,000円～1,300円",2日前,株式会社宝石のたなか
医療法人参方善さくら会,経験者募集 Web・紙媒体デザイナー,名古屋市 名古屋駅 徒歩1分,月給20万円～32万円,1日前,リクナビNEXT
株式会社大栄仮設工業,足場づくり現場の営業・WEBマーケティングスタッフ,静岡県 富士市,月給23万円～73万円,2日前,株式会社大栄仮設工業
シェアリングテクノロジー株式会社,Webデザイン・コーディング・ディレクター,名古屋市 名古屋駅,月給27万円,1日前,シェアリングテクノロジー株式会社
株式会社エクシオジャパン,愛知／名古屋勤務:WEBデザイナー,名古屋市 名古屋駅 徒歩4分,"年収400万円～1,000万円",5時間前,Green
株式会社アイガ,新体制の重要ポジションを担うwebディレクター 名駅スグ オ...,名古屋市 名古屋駅 徒歩7分,月給24万円～,2日前,株式会社アイガ
リネットジャパングループ株式会社,WEBディレクター,名古屋市 中村区,年収400万円～600万円,1日前,ワークポート
株式会社チーム・チャンネル,ネイル・エステサロンの課題を解決! 提案営業・WEBマーケ,愛知県 名古屋市,月給22万円～,2日前,リクナビNEXT
ブリサスインタナショナル合同会社,WEBデザイナー,伊東市 伊東駅 徒歩15分,"時給1,000円～1,300円",1日前,ハローワーク伊東
株式会社いい生活,WEBディレクター,名古屋市 名駅,年収280万円～300万円,1日前,ワークポート
株式会社デージーネット,営業事務 WEBマーケティングを中心とした営業サポート事務 ...,名古屋市 上社駅 徒歩8分,月給19万円～,2日前,株式会社デージーネット
株式会社ワールド,WEBデザイナー兼ネットショップ運営 経験者優遇,石川県 金沢市,月給22万円～,2日前,株式会社ワールド
一般社団法人サステイナブル・サポート,コロナによって発生した地域の困り事をサポートしながら、事務や...,岐阜県 岐阜市,時給852円,2日前,一般社団法人サステイナブル・サポート
DSGジャパン株式会社 浜松金指工場,Webデザイナー,浜松市 金指駅 徒歩1分,年収350万円～600万円,2日前,DSGジャパン株式会社浜松金指工場
Grow Group株式会社,Webディレクター／Webプロデューサー,名古屋市 今池駅 徒歩5分,年収375万円～500万円,2日前,Green
株式会社建設のマルモ,新築住宅の営業企画・販売促進の要になる企画・広報・WEBマー...,静岡市 駿河区,月給20万円～30万円,8時間前,株式会社建設のマルモ
トランスコスモス株式会社~東証一部上場～,Webディレクター／大手有名企業のコーポレートサイト・ECサ...,名古屋市 伏見駅,年収350万円～550万円,17時間前,doda
株式会社デージーネット本社,WEBマーケティングを中心とした営業サポート事務 土日休み／...,名古屋市 上社駅 徒歩7分,月給19万円～,7時間前,株式会社デージーネット
株式会社静鉄アド・パートナーズ,WEBディレクター,静岡市 音羽町駅 徒歩4分,月給20万円～35万円,2日前,株式会社静鉄アド・パートナーズ
株式会社いがらし,欧風フラワーギフトのウェブデザイナー,あわら市 芦原温泉駅 徒歩12分,時給900円～,9時間前,楽天仕事紹介
株式会社アイコン,WEBデザイナー,名古屋市 東区,"時給1,500円～1,700円",1時間前,株式会社アイコン
株式会社シンホー,Webデザイン／Webデザイナー、データ入力／オフィス,名古屋市 久屋大通駅 徒歩1分,"時給1,200円～1,500円",16時間前,バイトル
株式会社エーライン,Webデザイナー・コーダー・マークアップエンジニア,福井市 福井駅 車10分,"月給20万9,330円～49万2,580円",2日前,株式会社エーライン
株式会社ジョブコム,インテリアメーカーでのWEBデザイナー,名古屋市 荒子川公園駅 徒歩5分,"時給1,500円",17時間前,JOBCOM
グローバルデザイン株式会社,WEBサイト運用ディレクター,静岡市 葵区,年収360万円～480万円,17時間前,ワークポート
日本鞄材株式会社,webデザイナー・企画 女性活躍中,岐阜県 岐阜市,時給900円,2日前,日本鞄材株式会社
株式会社オフィスオフサイド,WEBデザイナー,名古屋市 栄駅 徒歩4分,月給20万円～30万円,2日前,株式会社オフィスオフサイド
有限会社オフィスダグ,広告デザイン・DTPオペレーター・WEBデザイナー,名古屋市 中川区,月給18万円～,2日前,有限会社オフィスダグ
株式会社Puravida,営業／企画営業 WEBマーケティングプランナー,名古屋市 中区,月給25万円～60万円,2日前,株式会社Puravida
株式会社アビリブ,ECサイトのWebデザイナー,岐阜市 岐阜駅 徒歩7分,月給20万円～30万円,2日前,株式会社アビリブ
MAKEOVERS株式会社,グラフィックデザイナー・WEBデザイナー,岐阜県 関市,"時給852円～1,000円",1日前,MAKEOVERS株式会社
株式会社オオヤ,Webデザイン／Webデザイナー、DTPオペレーター／印刷・...,知立市 知立駅 徒歩10分,月給30万円～35万円,3日前,バイトル
株式会社ジークス,WEBデザイナー,福井市 足羽山公園口駅 徒歩2分,年収400万円～600万円,2日前,U29JOB
株式会社LEAF,WEBデザイナー 初心者・経験者歓迎 不動産管理会社のIns...,名古屋市 西区,"時給1,100円～1,300円",2日前,株式会社LEAF
マックスファンシー株式会社,ネットショップ店長候補、WEBデザイナーなど,豊川市 諏訪町駅 徒歩10分,月給20万円～25万円,1日前,ハローワーク豊川
株式会社リアルテック・コンサルティング,WEBディレクター,名古屋市 名駅,年収300万円～500万円,17時間前,ワークポート
株式会社篠原化学,ネットショップWebデザイナー・店舗運営 残業月20h以下,名古屋市 御器所駅 徒歩5分,月給25万円～40万円,1日前,マイナビ転職
株式会社アンティー・ファクトリー,WEBデザイナー,名古屋市 昭和区,年収300万円～700万円,19時間前,ワークポート
株式会社ASSIST,営業／企画営業 webマーケティング営業,名古屋市 中区,"月給20万8,000円～60万円",2日前,株式会社ASSIST
株式会社BERITA,WEBデザイナー 短時間&水土日休み 週4日 住宅建築に携わ...,名古屋市 高岳駅 徒歩8分,月給12万円～38万円,2日前,株式会社BERITA
株式会社アルバイトタイムス,自社WEBメディアの開発ディレクター,静岡市 葵区,"月給24万7,000円～33万5,800円",1日前,JOB
有限会社ジップコーポレーション,DTPオペレーター DTPオペレーター・WEBデザイナー募集...,名古屋市 森下駅 徒歩7分,時給930円～,2日前,有限会社ジップコーポレーション
司法書士法人はらこ事務所,HP運営・管理・コーディング・WEBマーケなど全般,名古屋市 国際センター駅 徒歩1分,月給20万円～28万円,2日前,司法書士法人はらこ事務所
株式会社ピアリー,SNSクリエイター／WEBデザイナー ブライダルサイト「PI...,羽島市 須賀駅 徒歩6分,月給23万円～30万円,2日前,株式会社ピアリー
株式会社たきコーポレーション,WEBディレクター,名古屋市 国際センター駅 徒歩2分,月給20万円～30万円,2日前,U29JOB
株式会社エクシー卜,ウェブデザイナー・ディレクター,坂井市 西春江ハートピア駅 徒歩10分,月給19万円～32万円,2日前,ハローワーク三国
キッシーズ株式会社,おもちゃとバルーンの専門商社でウェブデザイナー募集,名古屋市 名古屋駅 徒歩10分,月給20万円～,2日前,キッシーズ株式会社
株式会社中日本開発,WEBデザイナー Webデザイナー／コーダー,名古屋市 池下駅 徒歩5分,月給20万円～24万円,2日前,株式会社中日本開発
株式会社HomePageShop,WEBデザイナー DTPデザイナー 北海道札幌市での勤務の可...,名古屋市 天白区,月給23万円～28万円,2日前,株式会社HomePageShop
穂の国エンジニアリング株式会社,WEBデザイナー,浜松市 中区,月給25万円～30万円,21時間前,JOB
i ae 採用,Webディレクター 1,静岡市 葵区,公開していません,7時間前,i_ae_採用
株式会社JTN 名古屋市中区,Webデザイナー,名古屋市 新栄町駅 徒歩5分,"時給1,500円～",8時間前,株式会社JTN
株式会社シンキング 名古屋市西区名古屋,Webマーケティング,名古屋市 名古屋駅 徒歩10分,月給20万円～30万円,1日前,株式会社シンキング
ディーエムソリューションズ株式会社,2022 新卒採用 広告,名古屋市 中区,月給24万円,3日前,リクナビ2022
株式会社ITCS,デジタルマーケティング,愛知県 名古屋市,年収400万円～900万円,1日前,リクルートエージェント
株式会社アートエム,ECショップの運営スタッフ,あま市 甚目寺駅 車8分,"月給21万円～33万8,000円",2日前,株式会社アートエム
株式会社エキスパートパワーシズオカ,2022 新卒採用 機械,愛知県 豊田市,"月給22万5,000円",3日前,リクナビ2022
株式会社ビジュアルソフト,システムエンジニア,福井県 福井市,年収300万円～580万円,10時間前,ワークポート
株式会社TOILO,グラフィックデザイナー,名古屋市 新栄町駅 徒歩1分,月給20万円～28万円,2日前,株式会社TOILO
ディーピーティー株式会社,WEB広告の法人営業／ブルーカラーに特化した自社メディア,名古屋市 栄駅,"月給24万円～37万5,000円",2日前,doda
株式会社ハロネット,2022 新卒採用 広告・出版,名古屋市 名古屋駅 徒歩5分,月給23万円～,4時間前,Cheer Career
パーソルテンプスタッフ株式会社,残業ほぼなし×土日祝休み 制作会社でWEBデザイン,名古屋市 高岳駅 徒歩3分,"時給1,500円",2日前,ジョブチェキ！
パーソルテクノロジースタッフ株式会社,ネットショップ関連のディレクション業務,名古屋市 岩塚駅 徒歩5分,"時給1,800円～",2日前,パーソル テクノロジースタッフ
CLUB XaNaLy,フロアレディ・カウンターレディ 、 店長・マネージャー候補／...,豊田市 豊田市駅 徒歩5分,"時給6,000円～8,000円",2日前,バイトル
中日クラフト株式会社,SNSを使って魅力を伝えて拡販!マーケティング・広報スタッフ,春日井市 勝川駅 車5分,月給24万円～40万円,3日前,リクナビNEXT
アデコ株式会社,レスポンシブWebの開発業務,名古屋市 ナゴヤドーム前矢田駅 徒歩3分,"時給1,520円～",1日前,Adecco 派遣
ユニークジャパン株式会社,デザインの制作・一般事務 シフト優遇,名古屋市 中村公園駅,"時給1,100円～",2日前,タウンワーク
マンパワーグループ株式会社,土日祝休み カスタマーサービス,金沢市 金沢駅 徒歩14分,"時給1,350円",23時間前,マンパワーグループ 派遣・求人・転職のJOBNET
レバンテ株式会社,マーケティング・ECサイト運営,名古屋市 東区,年収300万円～500万円,8時間前,ワークポート
株式会社フェニシス,「フロントエンドエンジニア」アニメ・ゲーム・おもちゃを中心と...,石川県 金沢市,月給25万円～45万円,2日前,株式会社フェニシス
株式会社ラプト,ブランディング、企業・商品ロゴ、名刺、会社案内、Webサイト...,静岡市 駿河区,月給20万円～,2日前,マイナビ転職エージェントサーチ
株式会社インデックス,通販商品の発送、受発注管理業務やアシスタント業務,静岡市 日吉町駅 徒歩3分,時給900円～,2日前,株式会社インデックス
