株式会社プレコ,IT系エンジニア募集／受託業務対応,広島市 稲荷町駅 徒歩4分,"時給2,300円～",11時間前,株式会社プレコ
株式会社リクルートR&Dスタッフィング,既卒歓迎 ITエンジニア,広島県,年収300万円～600万円,17時間前,Re就活
株式会社インビリティー,自社開発実績多数／残業少 ITエンジニア 業界・言語不問,奈良県,月給20万円～50万円,7日前,マイナビ転職
株式会社コアソフト,システム開発企業でのインフラ構築エンジニア／IT・情報通信業,広島県 東広島市,年収300万円～500万円,7日前,キャプラ転職エージェント
Chubb損害保険株式会社,ITアプリケーション開発エンジニア,長崎県 長崎市,年収350万円～550万円,5日前,doda
マツダ株式会社,WEBアプリケーション開発エンジニア UIターン歓迎,府中町 向洋駅,年収400万円～800万円,6時間前,doda
トライアロー株式会社,Webエンジニア,佐賀県,月給25万円～35万円,3日前,type
株式会社プラスジャム,WEBエンジニア 全国募集 フルリモート,広島県,月給25万円～50万円,2時間前,マイナビ転職
株式会社アンドステッチ,WEBシステムエンジニア リモートワークOK-副業OK,広島市 広島駅,月給16万円～,1日前,かんたん応募
株式会社プロビズモ,ITエンジニア テレワーク勤務推奨,広島市 広島駅 徒歩1分,"月給18万4,500円～42万円",2時間前,マイナビ転職
名前はまだ無い,IT／エンジニア,広島県 広島市,"日給1万3,000円",2日前,ジモティー
西日本エリートスタッフ株式会社,SE ソフトウェア開発会社にてITエンジニア,佐賀県 佐賀市,月給24万円～60万円,3日前,西日本エリートスタッフ株式会社
株式会社コンサルリンク,ITエンジニア 平均年齢30.2歳 リモートワーク実施率87%,奈良県,月給24万円～65万円,3日前,マイナビ転職
株式会社マイホームの窓口,IT／コンピュータ ユーザーサポート WEBディレクター・シ...,広島市 福島町駅 徒歩10分,月給22万円～50万円,3日前,株式会社マイホームの窓口
日本アイ・ビー・エム株式会社,Webアプリケーションエンジニア,和歌山市 宮前駅 徒歩3分,"年収600万円～1,299万円",1日前,en ミドルの転職
株式会社ビジョン,年休130日以上／副業OK!楽しく仕事ができる ITエンジニア,奈良県 奈良市,月給25万円～60万円,3日前,マイナビ転職
株式会社トップゲート,クラウドネイティブ企業でのITエンジニアPM募集,広島県,年収600万円～800万円,3日前,en ミドルの転職
アクティスジャパン株式会社,ITエンジニア 還元率70%以上も 単価開示,奈良県,月給30万円～90万円,3日前,PROSEEK
株式会社ANDCO,Web系エンジニア・プログラマ募集／移住支援金対象,佐賀市 佐賀駅 車10分,"月給20万5,000円～40万円",3日前,さがUターンナビ
株式会社ココト,未経験OKのITエンジニア／自社内勤務／ユニークな研修制度有,唐津市 唐津駅,月給20万円～,4日前,doda
株式会社エクスマート,受託開発 &自社Webサービスのシステムエンジニア,広島県,年収400万円～550万円,3日前,type
富士通エフサス・クリエ株式会社,IT・エンジニア・技術・建築,和歌山市 和歌山駅 徒歩3分,"時給1,400円",5日前,リクナビ派遣
株式会社システナ,モバイル・WEB系システムエンジニア,広島市 銀山町駅 徒歩1分,年収380万円～700万円,3日前,U29JOB
アフターコールナビ株式会社,ITエンジニアのシステムエンジニア,奈良県,公開していません,6日前,Createバイト
株式会社パソナテック,WEBエンジニア,広島市 天神川駅 徒歩5分,"時給1,800円～2,200円",7日前,PASONA TECH
西岡総合印刷株式会社,正社員Web開発エンジニア職／移住支援金対象,和歌山県 和歌山市,月給17万円～20万円,7日前,和歌山県再就職支援センター
クリエイティブリンク株式会社,情報通信企業でのネットワークエンジニア／IT・情報通信業,広島市 南区,年収450万円～600万円,7日前,キャプラ転職エージェント
株式会社トライアンフ 北陸オフィス,サービスエンジニア Web面接可,広島市 広島駅 徒歩7分,月給20万円～,14時間前,株式会社トライアンフ
西肥情報サービス株式会社,SE・PG 一部上場企業グループ,佐賀県 佐賀市,"月給22万5,000円～40万円",3日前,リクナビNEXT
株式会社浜学園,2022 新卒採用 教育関連,奈良県 奈良市,"月給22万8,000円",6日前,リクナビ2022
株式会社パリエ,スキルアップとプライベート充実をここで実現!／SE・PG,広島県 広島市,月給25万円～,7日前,リクナビNEXT
海上保安庁,海上保安官,広島県,"月給14万6,000円～",7日前,マイナビ転職
株式会社ウィルオブ・ワーク HE西,介護,広島市 横川駅                                                                                                                                    その他 (13),"時給1,300円～",3日前,マイナビミドルシニア
スカイジャパン株式会社,2022 新卒採用 鉄鋼・金属製品・非鉄金属,広島県 広島市,"月給21万5,000円",7日前,あさがくナビ2022
株式会社広島マイネット,システムエンジニア,広島市 女学院前駅 徒歩3分,年収300万円～500万円,4日前,U29JOB
学校法人九州国際学園,インストラクター,佐賀市 佐賀駅 徒歩2分,年収300万円～380万円,5日前,U29JOB
株式会社フィリップス・ジャパン,NW・SV・ITサポートエンジニア 月給34万円以上,広島県 広島市,月給34万円～62万円,7日前,リクナビNEXT
株式会社アクロビジョン,インフラ／開発エンジニア エンジニアデビューも全力応援,広島市 南区,月給24万円～50万円,3時間前,マイナビ転職
FBSパレッツ株式会社,IBMホスト プログラマー,長崎市 メディカルセンター駅 徒歩5分,"時給1,800円～2,500円",11時間前,FBSパレッツ株式会社
株式会社アドミン,6月中旬からの短期パソコン設置スタッフ／未経験者歓迎,長崎県 長崎市,"時給1,000円",3日前,株式会社アドミン
ブルーコンシャス株式会社,アプリエンジニア職,広島市 中区,月給25万円～40万円,14時間前,ブルーコンシャス株式会社
ピーシーアシスト株式会社,パソコンスクール講師／広島,福山市 福山駅,年収300万円～400万円,1日前,パソナキャリア
株式会社グッドワークコミュニケーションズ,総合職,奈良県,"月給25万1,000円～",1日前,doda
株式会社ジーアイソフト,システムエンジア,和歌山県 和歌山市,年収500万円～600万円,15時間前,ワークポート
東芝テックソリューションサービス株式会社,東芝グループのシステムサポートエンジニア／NW運用・設計,広島県 広島市,"月給19万4,500円～",10時間前,リクナビNEXT
株式会社Branding Engineer,SE 月給35万円～／東証マザーズ上場,奈良県,月給35万円～100万円,7日前,PROSEEK
日本マニュファクチャリングサービス株式会社,工場作業,広島県 東広島市,"時給1,350円",3日前,マイナビミドルシニア
株式会社アップ,2022 新卒採用 教育関連,奈良県 奈良市,"月給27万2,000円",3日前,リクナビ2022
JFEエンジニアリング株式会社,ごみ処理プラントの設備管理／残業40H以内／基本土日休み／J...,広島市 広島駅,"年収550万円～1,200万円",4日前,doda
株式会社ウィルオブ・ワーク,日常フォロー／（株）ウィルオブ・ワーク HE西 広島支店／m...,広島市 横川駅                                                                                                                                    その他 (3),"時給1,300円～",2日前,マイナビバイト
キャル株式会社 広島オフィス,ABAP開発,広島市 中区,月給35万円～45万円,7日前,キャル株式会社広島オフィス
株式会社I2C,教育制度も長く働ける環境もある ネットワーク構築・運用,奈良県,"月給21万3,600円",7時間前,リクナビNEXT
東建コーポレーション株式会社,Web面接可!名刺交換経験がない人も活躍!未経験歓迎の営業職,広島県 広島市,"月給26万3,000円",10時間前,リクナビNEXT
