東海業務ソフト株式会社,3月からリモートワーク導入!年休123日!システムエンジニア,岐阜県 中津川市,月給25万円～40万円,9時間前,リクナビNEXT
株式会社ARTISTIC&CO.,美容機器メーカーのWEBデザイナー、HP運営・管理,羽島市 新羽島駅 車5分,月給22万円～28万円,9時間前,リクナビNEXT
キッセイコムテック株式会社,オープン系エンジニア〜東証一部上場の大手製薬会社のグループ企...,長野県 松本市,月給25万円～28万円,1時間前,マイナビ転職エージェントサーチ
電源開発株式会社,技術系総合職,岐阜県,"月給20万9,000円～",2時間前,マイナビ転職
株式会社アテック,世界規模のプロジェクトあり! 年収例594万円,岐阜県 岐阜市,月給25万円～50万円,2時間前,マイナビ転職
株式会社ウイルテック,土日祝休み!社宅有!未経験からITエンジニア・サポートデスク,岐阜県,月給19万円～28万円,9時間前,リクナビNEXT
株式会社HAL,ITエンジニア 契約額の80%を還元 未経験者OK 定着率9...,長野県,月給35万円～,2時間前,マイナビ転職
トーテックフロンティア株式会社,年休123日!モノづくりのシステムエンジニア SE・事務,岐阜県,月給20万円～26万円,9時間前,リクナビNEXT
関信用金庫,システムエンジニア系事務,関市 関駅 徒歩10分,"月給18万4,000円～25万5,000円",7時間前,ハローワーク関
株式会社レッティ,技術職 定着率93%／経験者優遇,岐阜県,月給20万円～40万円,1時間前,マイナビ転職
MINO株式会社,残業月10h 経験を活かし業務改善 社内SE／システム構築,長野県 伊那市,月給25万円～,9時間前,リクナビNEXT
株式会社倭技術研究所,組込みシステム受託開発案件の営業,長野県 須坂市,月給20万円～35万円,1時間前,マイナビ転職
株式会社ダイヤモンドパーソネル,三菱電機関連企業の機械設計、ソフトウェア開発,岐阜県,月給21万円～,9時間前,リクナビNEXT
ルミーズ株式会社,100%自社開発・非対面非接触のオンライン決済システム SE,小諸市 小諸駅 徒歩5分,"月給22万9,000円～40万円",9時間前,リクナビNEXT
アマゾン ジャパン合同会社,メンテナンステクニシャン,岐阜県 多治見市,"年収500万円～1,000万円",2時間前,マイナビ転職
機械専門商社,機械商社での営業／大手メーカーや大学、研究機関,長野県,年収400万円～600万円,10時間前,日経転職版
株式会社リード,SE職 自社開発／20時サーバダウン／20代30代が活躍中,岐阜県 多治見市,月給24万円～48万円,9時間前,リクナビNEXT
セイコーエプソン株式会社,技術系総合職 製品開発、生産技術、品質管理など,長野県 塩尻市,月給25万円～40万円,2時間前,マイナビ転職
中日本ハイウェイ・エンジニアリング東京株式会社,機械・電気・通信・建築技術者,長野県 松本市,月給21万円～,3時間前,マイナビ転職
株式会社メニコン,賞与実績5ヶ月分／年間休日125日／生産技術／金型・機械設計,坂祝町 坂祝駅 車7分,月給22万円～,9時間前,リクナビNEXT
フクダ電子三岐販売株式会社,業界大手で安定!医療機器のエンジニア・メンテナンス 経験不問,岐阜県 岐阜市,"月給21万5,250円～23万8,900円",9時間前,リクナビNEXT
三浦工業株式会社,法人営業 10期連続黒字経営 各種手当充実 年休122日,長野県,"月給25万6,000円～",20時間前,エン転職
アスザックグループ,コンクリート2次製品の製造職,飯田市 天竜峡駅 徒歩20分,月給18万円～22万円,10時間前,アスザックグループ
セコム上信越株式会社,業界最大手のセキュリティスタッフ,中野市 信州中野駅,"月給20万4,950円～22万4,450円",10時間前,セコム上信越株式会社
日電精密工業株式会社,技術職 生産工程管理／製品開発／製造 土日休、年休117日,岐阜県 安八町,"月給20万円～26万5,000円",9時間前,リクナビNEXT
株式会社安曇野ミネラルウォーター,ゼロから教えます! 製造ラインのエンジニア／点検・整備・修理,長野県 安曇野市,月給25万円～,9時間前,リクナビNEXT
株式会社クリエ,制御設計,岐阜県 美濃加茂市,月給20万円～45万円,7時間前,転職ナビ
株式会社コプロ・エンジニアード,マンション新築工事／職人・作業員経験者急募 WEB面接対応,長野県 駒ケ根市,"月給41万4,000円～50万円",16時間前,現キャリ
株式会社セキュリティー,無資格OK 特殊セキュリティ装置の設置・メンテナンス・修理,岐阜県 岐阜市,月給25万円～,9時間前,リクナビNEXT
ロジテックINAソリューションズ株式会社,第二新卒歓迎!ストレージ機器開発エンジニア 機械・回路設計等,長野県 伊那市,月給25万円～,9時間前,リクナビNEXT
株式会社羽生田鉄工所,製品設計エンジニア:理系専攻優遇,長野市 柳原駅 車5分,"月給17万7,000円～19万2,000円",10時間前,株式会社羽生田鉄工所
株式会社リーピー,フロントエンドエンジニア 副業OK,岐阜県 岐阜市,年収300万円～600万円,3時間前,パソナキャリア
フォーザウィン株式会社,インフラエンジニア／前給以上保証,岐阜県,年収350万円～900万円,12時間前,type
株式会社ユニドコーポレーション,東海のモノづくりを支える ソフトウェア開発補助／技術者・事務,岐阜市 名鉄岐阜駅 徒歩5分,"月給20万5,000円～30万円",9時間前,リクナビNEXT
株式会社夢真,リフォームエンジニア 前給保証!入社祝金10万円!業界随一の...,岐阜県,月給40万円～,20時間前,エン転職
株式会社夢テクノロジー,ものづくり開発スタッフ 大手メーカー勤務、残業月10h以下、...,岐阜県,月給20万円～25万円,21時間前,エン転職
株式会社パスカル,SIer営業・オリジナル商品営業～定着率は驚異の9割超～,長野県 佐久市,年収340万円～600万円,6時間前,マイナビ転職エージェントサーチ
株式会社エスユーエス,ITエンジニア 優良企業700社 リモート案件多数 月給30...,岐阜県,月給30万円～,20時間前,エン転職
アクサス株式会社,日本を支えるインフラ企業／月給35万円以上／残業平均1日1h...,岐阜県 岐阜市,月給35万円～,20時間前,エン転職
穂の国エンジニアリング株式会社,高速道路の点検作業,長野県 松本市,月給40万円～60万円,3時間前,JOB
AB Concept株式会社,プロダクトデザイナー,軽井沢町 軽井沢駅,年収350万円～450万円,5時間前,doda
株式会社建築資料研究社／日建学院,システム営業,岐阜市 西岐阜駅 徒歩15分,"月給29万6,250円～35万円",7時間前,しゅふJOBパート
nmsエンジニアリング株式会社,生産設備の構想設計,岐阜県 大垣市,年収240万円～600万円,7時間前,転職ナビ
株式会社クリームソフト,ITエンジニア,長野県 千曲市,"月給20万4,000円～49万円",8時間前,転職ナビ
ヤマザキマザックオプトニクス株式会社,⼯作機械メーカーの制御設計エンジニア,美濃加茂市 美濃太田駅 車8分,"月給23万8,000円",18時間前,ヤマザキマザックオプトニクス
明治産業株式会社,中途活躍,須坂市 村山駅 徒歩5分,"月給16万4,000円～27万1,000円",10時間前,明治産業株式会社
ジェイエスピー株式会社,新卒採用! SE・プログラマー 休日119日 長野駅近く,長野市 長野駅 徒歩7分,"月給16万5,000円～19万5,000円",10時間前,ジェイエスピー株式会社
株式会社デジタル・スパイス,電気・電子回路設計,茅野市 茅野駅 車15分,"月給16万5,000円～40万円",8時間前,転職ナビ
デジタルミックス株式会社,システムエンジニア・プログラマ,岐阜県 大垣市,月給20万円～35万円,7時間前,転職ナビ
株式会社ケイネックス,システムエンジニア,大垣市 大垣駅 バス10分,月給25万円～,14時間前,株式会社ケイネックス
株式会社ヒューマンアイズびわこ統括事業所,稼げる交代勤務 資格不要!工場でのライン作業員／岐阜,垂井町 垂井駅 車5分,"月給25万5,000円～32万円",13時間前,株式会社ヒューマンアイズびわこ統括事業所
株式会社アシストエンジニア,CADエンジニア,岐阜市 岐阜駅,月給18万円～40万円,14時間前,株式会社アシストエンジニア
株式会社コア 中部カンパニー,SE・PG,岐阜県,"月給20万3,000円～",14時間前,株式会社コア 中部カンパニー
日本ナレッジ株式会社,開発エンジニア,下諏訪町 下諏訪駅,月給23万円～42万円,14時間前,日本ナレッジ株式会社
株式会社EMD,プログラマ,羽島市 羽島市役所前駅 徒歩11分,月給21万円～50万円,14時間前,株式会社EMD
日本ラッド株式会社,システムエンジニア・プログラマー,岐阜県,"月給20万6,000円～",14時間前,日本ラッド株式会社
